Id,Temperature,Humidity,TemperatureAlertStatus,HumidityAlertStatus
947,24.70,22,TRUE,TRUE
948,33.77,44,TRUE,FALSE
949,16.39,60,TRUE,FALSE
950,33.41,50,TRUE,FALSE
951,34.96,52,TRUE,FALSE
952,28.01,39,TRUE,FALSE
953,27.15,30,TRUE,TRUE
954,25.10,43,FALSE,FALSE
955,15.12,64,TRUE,FALSE
956,21.35,66,TRUE,TRUE
957,31.43,38,TRUE,FALSE
958,29.26,49,TRUE,FALSE
959,15.45,62,TRUE,FALSE
960,20.20,62,TRUE,FALSE
961,28.67,39,TRUE,FALSE
962,23.63,49,FALSE,FALSE
963,31.90,70,TRUE,TRUE
964,29.66,34,TRUE,TRUE
965,19.28,37,TRUE,TRUE
966,16.14,65,TRUE,FALSE
967,23.80,66,TRUE,TRUE
968,23.13,69,TRUE,TRUE
969,20.44,47,FALSE,FALSE
970,30.97,23,TRUE,TRUE
971,31.08,61,TRUE,FALSE
972,20.11,43,FALSE,FALSE
973,27.44,42,FALSE,FALSE
974,24.76,53,FALSE,FALSE
975,31.20,44,TRUE,FALSE
976,25.97,33,TRUE,TRUE
977,23.59,66,TRUE,TRUE
978,28.55,40,TRUE,FALSE
979,28.01,39,TRUE,FALSE
980,20.90,72,TRUE,TRUE
981,31.31,27,TRUE,TRUE
982,18.23,62,TRUE,FALSE
983,30.27,58,TRUE,FALSE
984,30.69,71,TRUE,TRUE
985,28.86,71,TRUE,TRUE
986,18.14,42,TRUE,FALSE
987,21.88,45,FALSE,FALSE
988,21.53,31,TRUE,TRUE
989,20.72,69,TRUE,TRUE
990,33.66,69,TRUE,TRUE
991,27.06,78,TRUE,TRUE
992,26.17,50,FALSE,FALSE
993,17.16,41,TRUE,FALSE
994,18.17,24,TRUE,TRUE
995,21.05,75,TRUE,TRUE
996,32.85,46,TRUE,FALSE
997,21.14,56,FALSE,FALSE
998,29.91,78,TRUE,TRUE
999,15.59,21,TRUE,TRUE
1000,31.55,20,TRUE,TRUE
1001,34.31,37,TRUE,TRUE
1002,21.86,57,FALSE,FALSE
1003,32.23,49,TRUE,FALSE
1004,22.46,35,TRUE,TRUE
1005,20.20,58,FALSE,FALSE
1006,22.55,27,TRUE,TRUE
1007,33.74,63,TRUE,FALSE
1008,28.03,22,TRUE,TRUE
1009,25.12,67,TRUE,TRUE
1010,27.49,34,TRUE,TRUE
1011,33.21,76,TRUE,TRUE
1012,30.28,38,TRUE,FALSE
1013,29.59,43,TRUE,FALSE
1014,26.23,37,TRUE,TRUE
1015,15.94,76,TRUE,TRUE
1016,31.34,62,TRUE,FALSE
1017,20.45,45,FALSE,FALSE
1018,33.39,39,TRUE,FALSE
1019,15.20,60,TRUE,FALSE
1020,22.20,38,TRUE,FALSE
1021,33.85,66,TRUE,TRUE
1022,24.13,34,TRUE,TRUE
1023,21.93,76,TRUE,TRUE
1024,21.76,23,TRUE,TRUE
1025,33.48,23,TRUE,TRUE
1026,26.55,25,TRUE,TRUE
1027,27.59,36,TRUE,TRUE
1028,32.96,33,TRUE,TRUE
1029,17.22,62,TRUE,FALSE
1030,19.57,40,TRUE,FALSE
1031,21.52,58,FALSE,FALSE
1032,18.83,49,TRUE,FALSE
1033,32.34,53,TRUE,FALSE
1034,15.56,73,TRUE,TRUE
1035,26.80,50,FALSE,FALSE
1036,33.61,73,TRUE,TRUE
1037,31.89,37,TRUE,TRUE
1038,20.30,24,TRUE,TRUE
1039,28.71,61,TRUE,FALSE
1040,33.03,28,TRUE,TRUE
1041,30.45,48,TRUE,FALSE
1042,18.44,76,TRUE,TRUE
1043,29.41,20,TRUE,TRUE
1044,28.48,50,TRUE,FALSE
1045,27.56,21,TRUE,TRUE
1046,25.07,75,TRUE,TRUE
1047,22.95,75,TRUE,TRUE
1048,26.79,47,FALSE,FALSE
1049,27.56,79,TRUE,TRUE
1050,16.27,76,TRUE,TRUE
1051,33.35,53,TRUE,FALSE
1052,22.89,73,TRUE,TRUE
1053,26.79,68,TRUE,TRUE
1054,33.49,55,TRUE,FALSE
1055,26.20,74,TRUE,TRUE
1056,17.55,31,TRUE,TRUE
1057,16.11,46,TRUE,FALSE
1058,34.85,63,TRUE,FALSE
1059,15.62,31,TRUE,TRUE
1060,20.23,64,TRUE,FALSE
1061,22.47,63,TRUE,FALSE
1062,32.36,57,TRUE,FALSE
1063,33.60,73,TRUE,TRUE
1064,17.07,32,TRUE,TRUE
1065,33.87,45,TRUE,FALSE
1066,32.24,52,TRUE,FALSE
1067,29.90,22,TRUE,TRUE
1068,34.08,24,TRUE,TRUE
1069,15.66,65,TRUE,FALSE
1070,29.47,23,TRUE,TRUE
1071,24.32,33,TRUE,TRUE
1072,31.95,58,TRUE,FALSE
1073,18.11,52,TRUE,FALSE
1074,25.40,32,TRUE,TRUE
1075,27.73,75,TRUE,TRUE
1076,17.01,76,TRUE,TRUE
1077,27.71,39,TRUE,FALSE
1078,27.63,57,FALSE,FALSE
1079,17.73,77,TRUE,TRUE
1080,21.55,38,TRUE,FALSE
1081,16.64,55,TRUE,FALSE
1082,17.68,74,TRUE,TRUE
1083,21.69,21,TRUE,TRUE
1084,16.71,39,TRUE,FALSE
1085,28.57,72,TRUE,TRUE
1086,30.77,36,TRUE,TRUE
1087,25.71,52,FALSE,FALSE
1088,30.06,65,TRUE,FALSE
1089,19.64,43,TRUE,FALSE
1090,16.42,41,TRUE,FALSE
1091,30.07,59,TRUE,FALSE
1092,29.22,59,TRUE,FALSE
1093,25.95,32,TRUE,TRUE
1094,15.31,76,TRUE,TRUE
1095,29.91,79,TRUE,TRUE
1096,24.36,73,TRUE,TRUE
1097,19.44,65,TRUE,FALSE
1098,24.64,44,FALSE,FALSE
1099,16.67,66,TRUE,TRUE
1100,32.18,60,TRUE,FALSE
1101,20.02,57,FALSE,FALSE
1102,19.63,63,TRUE,FALSE
1103,34.99,45,TRUE,FALSE
1104,21.41,30,TRUE,TRUE
1105,25.51,44,FALSE,FALSE
1106,19.98,25,TRUE,TRUE
1107,23.88,60,FALSE,FALSE
1108,26.59,41,FALSE,FALSE
1109,33.94,36,TRUE,TRUE
1110,31.24,35,TRUE,TRUE
1111,32.70,42,TRUE,FALSE
1112,31.68,66,TRUE,TRUE
1113,31.99,40,TRUE,FALSE
1114,29.15,76,TRUE,TRUE
1115,26.18,75,TRUE,TRUE
1116,33.20,33,TRUE,TRUE
1117,16.53,31,TRUE,TRUE
1118,23.86,60,FALSE,FALSE
1119,30.42,21,TRUE,TRUE
1120,19.97,26,TRUE,TRUE
1121,32.42,69,TRUE,TRUE
1122,34.99,26,TRUE,TRUE
1123,28.30,60,TRUE,FALSE
1124,29.35,27,TRUE,TRUE
1125,15.12,70,TRUE,TRUE
1126,26.55,61,TRUE,FALSE
1127,23.52,62,TRUE,FALSE
1128,25.05,67,TRUE,TRUE
1129,23.91,42,FALSE,FALSE
1130,28.11,43,TRUE,FALSE
1131,32.93,26,TRUE,TRUE
1132,28.59,20,TRUE,TRUE
1133,18.88,38,TRUE,FALSE
1134,28.00,27,TRUE,TRUE
1135,16.70,27,TRUE,TRUE
1136,33.55,41,TRUE,FALSE
1137,16.17,77,TRUE,TRUE
1138,30.37,62,TRUE,FALSE
1139,26.06,64,TRUE,FALSE
1140,28.30,48,TRUE,FALSE
1141,21.43,67,TRUE,TRUE
1142,27.94,75,TRUE,TRUE
1143,17.31,59,TRUE,FALSE
1144,28.54,64,TRUE,FALSE
1145,34.77,26,TRUE,TRUE
1146,16.70,72,TRUE,TRUE
1147,33.38,35,TRUE,TRUE
1148,30.66,63,TRUE,FALSE
1149,21.96,54,FALSE,FALSE
1150,23.20,55,FALSE,FALSE
1151,34.16,77,TRUE,TRUE
1152,19.64,79,TRUE,TRUE
1153,23.12,52,FALSE,FALSE
1154,19.31,41,TRUE,FALSE
1155,29.84,59,TRUE,FALSE
1156,31.79,37,TRUE,TRUE
1157,16.25,20,TRUE,TRUE
1158,21.81,39,TRUE,FALSE
1159,15.91,58,TRUE,FALSE
1160,28.33,28,TRUE,TRUE
1161,19.06,73,TRUE,TRUE
1162,21.17,23,TRUE,TRUE
1163,19.35,64,TRUE,FALSE
1164,34.06,66,TRUE,TRUE
1165,32.05,24,TRUE,TRUE
1166,32.39,39,TRUE,FALSE
1167,26.08,73,TRUE,TRUE
1168,22.67,27,TRUE,TRUE
1169,26.10,38,TRUE,FALSE
1170,33.90,26,TRUE,TRUE
1171,24.56,34,TRUE,TRUE
1172,24.17,59,FALSE,FALSE
1173,15.47,48,TRUE,FALSE
1174,17.30,74,TRUE,TRUE
1175,21.49,68,TRUE,TRUE
1176,23.03,72,TRUE,TRUE
1177,20.23,24,TRUE,TRUE
1178,32.39,69,TRUE,TRUE
1179,19.53,72,TRUE,TRUE
1180,31.45,70,TRUE,TRUE
1181,33.85,53,TRUE,FALSE
1182,20.99,29,TRUE,TRUE
1183,26.38,47,FALSE,FALSE
1184,29.12,52,TRUE,FALSE
1185,26.29,33,TRUE,TRUE
1186,24.90,45,FALSE,FALSE
1187,32.40,62,TRUE,FALSE
1188,34.97,64,TRUE,FALSE
1189,25.31,28,TRUE,TRUE
1190,27.58,56,FALSE,FALSE
1191,17.67,51,TRUE,FALSE
1192,28.00,35,TRUE,TRUE
1193,19.44,55,TRUE,FALSE
1194,18.90,49,TRUE,FALSE
1195,28.22,25,TRUE,TRUE
1196,31.02,41,TRUE,FALSE
1197,19.39,57,TRUE,FALSE
1198,33.09,51,TRUE,FALSE
1199,23.84,49,FALSE,FALSE
1200,20.12,26,TRUE,TRUE
1201,26.93,64,TRUE,FALSE
1202,17.32,61,TRUE,FALSE
1203,32.49,24,TRUE,TRUE
1204,31.84,50,TRUE,FALSE
1205,20.51,64,TRUE,FALSE
1206,30.69,43,TRUE,FALSE
1207,28.14,47,TRUE,FALSE
1208,23.12,39,TRUE,FALSE
1209,17.98,39,TRUE,FALSE
1210,26.68,54,FALSE,FALSE
1211,26.32,40,FALSE,FALSE
1212,33.28,60,TRUE,FALSE
1213,22.57,61,TRUE,FALSE
1214,30.47,64,TRUE,FALSE
1215,15.30,33,TRUE,TRUE
1216,16.47,57,TRUE,FALSE
1217,34.20,63,TRUE,FALSE
1218,32.38,27,TRUE,TRUE
1219,28.46,78,TRUE,TRUE
1220,28.37,57,TRUE,FALSE
1221,34.54,58,TRUE,FALSE
1222,20.22,47,FALSE,FALSE
1223,18.11,53,TRUE,FALSE
1224,32.22,69,TRUE,TRUE
1225,32.30,32,TRUE,TRUE
1226,20.16,52,FALSE,FALSE
1227,18.53,31,TRUE,TRUE
1228,19.07,40,TRUE,FALSE
1229,28.30,37,TRUE,TRUE
1230,15.67,47,TRUE,FALSE
1231,25.04,59,FALSE,FALSE
1232,15.62,55,TRUE,FALSE
1233,32.95,30,TRUE,TRUE
1234,24.98,30,TRUE,TRUE
1235,17.78,25,TRUE,TRUE
1236,22.38,45,FALSE,FALSE
1237,27.31,52,FALSE,FALSE
1238,33.45,76,TRUE,TRUE
1239,18.92,53,TRUE,FALSE
1240,25.99,58,FALSE,FALSE
1241,26.00,39,TRUE,FALSE
1242,31.48,39,TRUE,FALSE
1243,31.26,53,TRUE,FALSE
1244,16.89,37,TRUE,TRUE
1245,28.04,62,TRUE,FALSE
1246,29.19,47,TRUE,FALSE
1247,27.89,79,TRUE,TRUE
1248,19.15,64,TRUE,FALSE
1249,24.97,44,FALSE,FALSE
1250,20.83,22,TRUE,TRUE
1251,23.56,49,FALSE,FALSE
1252,17.09,42,TRUE,FALSE
1253,29.03,45,TRUE,FALSE
1254,15.13,65,TRUE,FALSE
1255,32.93,79,TRUE,TRUE
1256,19.33,42,TRUE,FALSE
1257,21.42,73,TRUE,TRUE
1258,33.10,37,TRUE,TRUE
1259,25.99,57,FALSE,FALSE
1260,23.38,71,TRUE,TRUE
1261,26.46,63,TRUE,FALSE
1262,31.28,61,TRUE,FALSE
1263,34.12,29,TRUE,TRUE
1264,15.19,34,TRUE,TRUE
1265,30.41,22,TRUE,TRUE
1266,31.62,21,TRUE,TRUE
1267,25.48,23,TRUE,TRUE
1268,25.45,61,TRUE,FALSE
1269,22.94,74,TRUE,TRUE
1270,28.00,50,FALSE,FALSE
1271,34.56,30,TRUE,TRUE
1272,20.08,38,TRUE,FALSE
1273,18.16,47,TRUE,FALSE
1274,32.80,21,TRUE,TRUE
1275,20.88,53,FALSE,FALSE
1276,29.38,21,TRUE,TRUE
1277,24.94,42,FALSE,FALSE
1278,20.37,74,TRUE,TRUE
1279,23.41,58,FALSE,FALSE
1280,27.43,23,TRUE,TRUE
1281,33.42,28,TRUE,TRUE
1282,33.02,30,TRUE,TRUE
1283,22.44,76,TRUE,TRUE
1284,16.15,26,TRUE,TRUE
1285,33.06,74,TRUE,TRUE
1286,29.70,40,TRUE,FALSE
1287,27.73,50,FALSE,FALSE
1288,15.94,27,TRUE,TRUE
1289,17.55,67,TRUE,TRUE
1290,16.44,69,TRUE,TRUE
1291,17.70,49,TRUE,FALSE
1292,28.25,48,TRUE,FALSE
1293,25.84,30,TRUE,TRUE
1294,22.48,62,TRUE,FALSE
1295,18.29,74,TRUE,TRUE
1296,27.11,74,TRUE,TRUE
1297,17.07,26,TRUE,TRUE
1298,31.17,62,TRUE,FALSE
1299,23.16,42,FALSE,FALSE
1300,18.22,64,TRUE,FALSE
1301,28.38,49,TRUE,FALSE
1302,31.56,62,TRUE,FALSE
1303,26.40,54,FALSE,FALSE
1304,20.64,65,TRUE,FALSE
1305,20.25,40,FALSE,FALSE
1306,33.89,55,TRUE,FALSE
1307,28.29,20,TRUE,TRUE
1308,25.73,56,FALSE,FALSE
1309,28.20,51,TRUE,FALSE
1310,15.12,21,TRUE,TRUE
1311,31.15,51,TRUE,FALSE
1312,31.99,62,TRUE,FALSE
1313,17.50,37,TRUE,TRUE
1314,34.57,56,TRUE,FALSE
1315,30.41,54,TRUE,FALSE
1316,15.34,32,TRUE,TRUE
1317,24.67,40,FALSE,FALSE
1318,28.43,29,TRUE,TRUE
1319,23.54,30,TRUE,TRUE
1320,28.65,29,TRUE,TRUE
1321,34.68,79,TRUE,TRUE
1322,29.18,50,TRUE,FALSE
1323,25.08,21,TRUE,TRUE
1324,29.59,51,TRUE,FALSE
1325,23.72,37,TRUE,TRUE
1326,32.86,66,TRUE,TRUE
1327,32.56,71,TRUE,TRUE
1328,15.53,69,TRUE,TRUE
1329,32.54,69,TRUE,TRUE
1330,22.47,73,TRUE,TRUE
1331,28.51,74,TRUE,TRUE
1332,30.52,28,TRUE,TRUE
1333,30.20,37,TRUE,TRUE
1334,30.85,28,TRUE,TRUE
1335,21.47,41,FALSE,FALSE
1336,28.20,31,TRUE,TRUE
1337,30.88,48,TRUE,FALSE
1338,30.69,40,TRUE,FALSE
1339,32.23,41,TRUE,FALSE
1340,19.51,20,TRUE,TRUE
1341,24.11,79,TRUE,TRUE
1342,28.70,69,TRUE,TRUE
1343,19.91,45,TRUE,FALSE
1344,28.69,28,TRUE,TRUE
1345,24.44,22,TRUE,TRUE
1346,30.51,45,TRUE,FALSE
1347,17.12,46,TRUE,FALSE
1348,17.57,71,TRUE,TRUE
1349,24.59,36,TRUE,TRUE
1350,15.48,60,TRUE,FALSE
1351,19.21,58,TRUE,FALSE
1352,26.94,70,TRUE,TRUE
1353,32.85,57,TRUE,FALSE
1354,27.13,65,TRUE,FALSE
1355,20.41,37,TRUE,TRUE
1356,15.86,74,TRUE,TRUE
1357,25.49,42,FALSE,FALSE
1358,20.05,61,TRUE,FALSE
1359,17.91,26,TRUE,TRUE
1360,30.23,39,TRUE,FALSE
1361,32.55,57,TRUE,FALSE
1362,33.11,78,TRUE,TRUE
1363,28.60,30,TRUE,TRUE
1364,24.90,53,FALSE,FALSE
1365,21.02,33,TRUE,TRUE
1366,21.86,51,FALSE,FALSE
1367,21.82,21,TRUE,TRUE
1368,28.38,61,TRUE,FALSE
1369,33.32,52,TRUE,FALSE
1370,16.08,72,TRUE,TRUE
1371,21.73,42,FALSE,FALSE
1372,31.48,51,TRUE,FALSE
1373,18.08,42,TRUE,FALSE
1374,19.14,54,TRUE,FALSE
1375,15.28,25,TRUE,TRUE
1376,34.19,38,TRUE,FALSE
1377,24.39,78,TRUE,TRUE
1378,31.51,61,TRUE,FALSE
1379,27.41,60,FALSE,FALSE
1380,27.40,38,TRUE,FALSE
1381,19.36,55,TRUE,FALSE
1382,27.46,59,FALSE,FALSE
1383,15.15,52,TRUE,FALSE
1384,33.95,51,TRUE,FALSE
1385,34.72,49,TRUE,FALSE
1386,21.02,28,TRUE,TRUE
1387,32.22,25,TRUE,TRUE
1388,25.23,59,FALSE,FALSE
1389,34.09,45,TRUE,FALSE
1390,25.21,37,TRUE,TRUE
1391,29.66,53,TRUE,FALSE
1392,23.25,63,TRUE,FALSE
1393,16.00,72,TRUE,TRUE
1394,26.52,26,TRUE,TRUE
1395,31.96,53,TRUE,FALSE
1396,27.24,72,TRUE,TRUE
1397,22.59,48,FALSE,FALSE
1398,19.45,79,TRUE,TRUE
1399,32.63,42,TRUE,FALSE
1400,23.87,33,TRUE,TRUE
1401,27.02,66,TRUE,TRUE
1402,29.49,33,TRUE,TRUE
1403,24.55,45,FALSE,FALSE
1404,21.20,62,TRUE,FALSE
1405,21.46,23,TRUE,TRUE
1406,32.93,28,TRUE,TRUE
1407,15.38,68,TRUE,TRUE
1408,20.36,46,FALSE,FALSE
1409,17.09,65,TRUE,FALSE
1410,27.44,52,FALSE,FALSE
1411,28.10,33,TRUE,TRUE
1412,19.96,44,TRUE,FALSE
1413,34.17,22,TRUE,TRUE
1414,20.77,70,TRUE,TRUE
1415,33.49,40,TRUE,FALSE
1416,25.20,74,TRUE,TRUE
1417,22.33,32,TRUE,TRUE
1418,34.22,43,TRUE,FALSE
1419,17.70,29,TRUE,TRUE
1420,33.11,24,TRUE,TRUE
1421,26.31,51,FALSE,FALSE
1422,16.72,26,TRUE,TRUE
1423,23.59,31,TRUE,TRUE
1424,18.25,49,TRUE,FALSE
1425,17.04,65,TRUE,FALSE
1426,15.28,35,TRUE,TRUE
1427,23.75,72,TRUE,TRUE
1428,21.81,27,TRUE,TRUE
1429,17.86,45,TRUE,FALSE
1430,17.72,49,TRUE,FALSE
1431,19.52,31,TRUE,TRUE
1432,24.92,28,TRUE,TRUE
1433,33.91,23,TRUE,TRUE
1434,15.35,26,TRUE,TRUE
1435,16.64,47,TRUE,FALSE
1436,29.71,27,TRUE,TRUE
1437,33.11,48,TRUE,FALSE
1438,16.99,67,TRUE,TRUE
1439,17.07,33,TRUE,TRUE
1440,25.88,60,FALSE,FALSE
1441,22.99,64,TRUE,FALSE
1442,23.26,41,FALSE,FALSE
1443,15.28,21,TRUE,TRUE
1444,25.21,62,TRUE,FALSE
1445,33.47,39,TRUE,FALSE
1446,34.67,52,TRUE,FALSE
1447,15.57,46,TRUE,FALSE
1448,27.39,20,TRUE,TRUE
1449,27.52,26,TRUE,TRUE
1450,24.45,70,TRUE,TRUE
1451,16.58,45,TRUE,FALSE
1452,19.02,49,TRUE,FALSE
1453,27.72,49,FALSE,FALSE
1454,32.95,73,TRUE,TRUE
1455,22.26,51,FALSE,FALSE
1456,28.52,31,TRUE,TRUE
1457,29.70,60,TRUE,FALSE
1458,25.44,24,TRUE,TRUE
1459,31.80,64,TRUE,FALSE
1460,29.42,75,TRUE,TRUE
1461,22.85,30,TRUE,TRUE
1462,28.24,27,TRUE,TRUE
1463,23.02,61,TRUE,FALSE
1464,18.83,38,TRUE,FALSE
1465,20.85,39,TRUE,FALSE
1466,34.95,68,TRUE,TRUE
1467,30.19,66,TRUE,TRUE
1468,21.07,64,TRUE,FALSE
1469,31.54,33,TRUE,TRUE
1470,31.18,33,TRUE,TRUE
1471,15.78,32,TRUE,TRUE
1472,24.63,28,TRUE,TRUE
1473,24.25,31,TRUE,TRUE
1474,27.30,77,TRUE,TRUE
1475,19.77,30,TRUE,TRUE
1476,29.02,43,TRUE,FALSE
1477,22.33,64,TRUE,FALSE
1478,17.37,79,TRUE,TRUE
1479,18.39,75,TRUE,TRUE
1480,20.19,59,FALSE,FALSE
1481,34.42,79,TRUE,TRUE
1482,22.11,27,TRUE,TRUE
1483,19.51,26,TRUE,TRUE
1484,30.93,59,TRUE,FALSE
1485,18.02,47,TRUE,FALSE
1486,32.15,73,TRUE,TRUE
1487,32.73,71,TRUE,TRUE
1488,34.78,52,TRUE,FALSE
1489,32.58,77,TRUE,TRUE
1490,19.66,71,TRUE,TRUE
1491,33.34,49,TRUE,FALSE
1492,33.44,56,TRUE,FALSE
1493,17.45,56,TRUE,FALSE
1494,21.67,60,FALSE,FALSE
1495,32.41,58,TRUE,FALSE
1496,27.20,74,TRUE,TRUE
1497,16.21,41,TRUE,FALSE
1498,23.48,71,TRUE,TRUE
1499,23.20,38,TRUE,FALSE
1500,23.34,52,FALSE,FALSE
1501,34.22,20,TRUE,TRUE
1502,23.84,26,TRUE,TRUE
1503,30.44,43,TRUE,FALSE
1504,23.31,39,TRUE,FALSE
1505,21.79,79,TRUE,TRUE
1506,15.36,79,TRUE,TRUE
1507,34.43,65,TRUE,FALSE
1508,25.68,28,TRUE,TRUE
1509,25.85,44,FALSE,FALSE
1510,18.31,74,TRUE,TRUE
1511,25.64,20,TRUE,TRUE
1512,19.91,22,TRUE,TRUE
1513,23.10,35,TRUE,TRUE
1514,27.83,75,TRUE,TRUE
1515,33.14,64,TRUE,FALSE
1516,24.33,39,TRUE,FALSE
1517,24.24,61,TRUE,FALSE
1518,23.33,38,TRUE,FALSE
1519,25.14,74,TRUE,TRUE
1520,20.75,66,TRUE,TRUE
1521,34.48,53,TRUE,FALSE
1522,34.84,56,TRUE,FALSE
1523,26.20,59,FALSE,FALSE
1524,31.16,61,TRUE,FALSE
1525,29.40,29,TRUE,TRUE
1526,23.75,51,FALSE,FALSE
1527,33.52,66,TRUE,TRUE
1528,30.42,44,TRUE,FALSE
1529,22.63,57,FALSE,FALSE
1530,15.16,55,TRUE,FALSE
1531,29.60,74,TRUE,TRUE
1532,32.91,54,TRUE,FALSE
1533,19.94,38,TRUE,FALSE
1534,26.46,40,FALSE,FALSE
1535,21.91,27,TRUE,TRUE
1536,23.91,42,FALSE,FALSE
1537,15.70,46,TRUE,FALSE
1538,26.53,70,TRUE,TRUE
1539,33.86,71,TRUE,TRUE
1540,23.29,34,TRUE,TRUE
1541,23.36,33,TRUE,TRUE
1542,16.00,21,TRUE,TRUE
1543,32.74,23,TRUE,TRUE
1544,28.92,60,TRUE,FALSE
1545,34.72,49,TRUE,FALSE
1546,27.68,31,TRUE,TRUE
1547,18.18,22,TRUE,TRUE
1548,29.50,63,TRUE,FALSE
1549,23.57,25,TRUE,TRUE
1550,28.51,34,TRUE,TRUE
1551,25.18,30,TRUE,TRUE
1552,23.24,51,FALSE,FALSE
1553,16.41,77,TRUE,TRUE
1554,29.31,73,TRUE,TRUE
1555,15.19,53,TRUE,FALSE
1556,17.13,41,TRUE,FALSE
1557,20.94,58,FALSE,FALSE
1558,34.47,22,TRUE,TRUE
1559,28.12,33,TRUE,TRUE
1560,30.63,38,TRUE,FALSE
1561,25.49,69,TRUE,TRUE
1562,24.45,52,FALSE,FALSE
1563,16.06,32,TRUE,TRUE
1564,34.52,29,TRUE,TRUE
1565,16.58,54,TRUE,FALSE
1566,19.99,47,TRUE,FALSE
1567,31.90,60,TRUE,FALSE
1568,34.87,56,TRUE,FALSE
1569,26.46,58,FALSE,FALSE
1570,23.47,20,TRUE,TRUE
1571,21.28,59,FALSE,FALSE
1572,34.12,47,TRUE,FALSE
1573,15.16,75,TRUE,TRUE
1574,20.66,55,FALSE,FALSE
1575,17.32,67,TRUE,TRUE
1576,22.72,44,FALSE,FALSE
1577,30.32,77,TRUE,TRUE
1578,23.50,62,TRUE,FALSE
1579,16.17,49,TRUE,FALSE
1580,23.10,49,FALSE,FALSE
1581,33.58,32,TRUE,TRUE
1582,29.18,33,TRUE,TRUE
1583,34.01,78,TRUE,TRUE
1584,24.93,32,TRUE,TRUE
1585,21.21,63,TRUE,FALSE
1586,15.37,72,TRUE,TRUE
1587,19.21,65,TRUE,FALSE
1588,19.71,79,TRUE,TRUE
1589,23.09,36,TRUE,TRUE
1590,15.75,22,TRUE,TRUE
1591,16.32,40,TRUE,FALSE
1592,28.42,41,TRUE,FALSE
1593,21.64,79,TRUE,TRUE
1594,30.15,33,TRUE,TRUE
1595,33.08,47,TRUE,FALSE
1596,28.70,68,TRUE,TRUE
1597,22.67,57,FALSE,FALSE
1598,21.45,61,TRUE,FALSE
1599,20.28,50,FALSE,FALSE
1600,23.46,75,TRUE,TRUE
1601,15.53,27,TRUE,TRUE
1602,34.97,65,TRUE,FALSE
1603,33.17,65,TRUE,FALSE
1604,25.07,24,TRUE,TRUE
1605,22.67,50,FALSE,FALSE
1606,29.28,67,TRUE,TRUE
1607,17.84,38,TRUE,FALSE
1608,18.72,56,TRUE,FALSE
1609,23.71,50,FALSE,FALSE
1610,19.54,23,TRUE,TRUE
1611,22.65,65,TRUE,FALSE
1612,28.91,45,TRUE,FALSE
1613,23.77,27,TRUE,TRUE
1614,22.88,73,TRUE,TRUE
1615,15.24,65,TRUE,FALSE
1616,30.48,64,TRUE,FALSE
1617,34.77,25,TRUE,TRUE
1618,29.47,20,TRUE,TRUE
1619,19.84,74,TRUE,TRUE
1620,28.23,56,TRUE,FALSE
1621,20.68,33,TRUE,TRUE
1622,15.53,26,TRUE,TRUE
1623,27.96,39,TRUE,FALSE
1624,24.28,34,TRUE,TRUE
1625,29.53,56,TRUE,FALSE
1626,23.61,30,TRUE,TRUE
1627,33.08,30,TRUE,TRUE
1628,18.91,54,TRUE,FALSE
1629,29.44,22,TRUE,TRUE
1630,33.32,41,TRUE,FALSE
1631,20.37,31,TRUE,TRUE
1632,25.14,63,TRUE,FALSE
1633,26.97,79,TRUE,TRUE
1634,17.58,77,TRUE,TRUE
1635,21.21,62,TRUE,FALSE
1636,18.49,67,TRUE,TRUE
1637,28.85,46,TRUE,FALSE
1638,34.67,20,TRUE,TRUE
1639,20.68,50,FALSE,FALSE
1640,20.04,49,FALSE,FALSE
1641,26.97,69,TRUE,TRUE
1642,30.79,43,TRUE,FALSE
1643,20.58,27,TRUE,TRUE
1644,15.75,45,TRUE,FALSE
1645,26.01,31,TRUE,TRUE
1646,19.32,75,TRUE,TRUE
1647,22.97,60,FALSE,FALSE
1648,19.80,25,TRUE,TRUE
1649,27.71,37,TRUE,TRUE
1650,30.38,62,TRUE,FALSE
1651,15.14,54,TRUE,FALSE
1652,24.65,45,FALSE,FALSE
1653,15.63,23,TRUE,TRUE
1654,23.97,59,FALSE,FALSE
1655,21.42,41,FALSE,FALSE
1656,24.32,49,FALSE,FALSE
1657,27.82,25,TRUE,TRUE
1658,22.90,63,TRUE,FALSE
1659,17.90,78,TRUE,TRUE
1660,23.80,42,FALSE,FALSE
1661,26.50,51,FALSE,FALSE
1662,33.49,20,TRUE,TRUE
1663,22.94,38,TRUE,FALSE
1664,28.39,46,TRUE,FALSE
1665,18.05,66,TRUE,TRUE
1666,29.25,54,TRUE,FALSE
1667,21.85,77,TRUE,TRUE
1668,15.45,23,TRUE,TRUE
1669,15.74,63,TRUE,FALSE
1670,26.85,55,FALSE,FALSE
1671,31.69,42,TRUE,FALSE
1672,21.49,53,FALSE,FALSE
1673,15.42,27,TRUE,TRUE
1674,20.02,63,TRUE,FALSE
1675,24.04,33,TRUE,TRUE
1676,19.53,59,TRUE,FALSE
1677,26.75,43,FALSE,FALSE
1678,31.42,25,TRUE,TRUE
1679,32.84,39,TRUE,FALSE
1680,15.12,56,TRUE,FALSE
1681,19.09,58,TRUE,FALSE
1682,27.59,62,TRUE,FALSE
1683,25.41,22,TRUE,TRUE
1684,26.40,20,TRUE,TRUE
1685,24.81,46,FALSE,FALSE
1686,22.80,68,TRUE,TRUE
1687,16.00,63,TRUE,FALSE
1688,24.89,53,FALSE,FALSE
1689,23.72,78,TRUE,TRUE
1690,29.39,30,TRUE,TRUE
1691,20.64,26,TRUE,TRUE
1692,21.20,38,TRUE,FALSE
1693,15.64,43,TRUE,FALSE
1694,17.09,76,TRUE,TRUE
1695,20.27,63,TRUE,FALSE
1696,26.97,30,TRUE,TRUE
1697,28.58,66,TRUE,TRUE
1698,29.58,43,TRUE,FALSE
1699,20.02,53,FALSE,FALSE
1700,34.34,30,TRUE,TRUE
1701,17.71,65,TRUE,FALSE
1702,19.70,75,TRUE,TRUE
1703,34.35,52,TRUE,FALSE
1704,23.57,59,FALSE,FALSE
1705,28.20,65,TRUE,FALSE
1706,19.22,61,TRUE,FALSE
1707,17.99,32,TRUE,TRUE
1708,26.67,65,TRUE,FALSE
1709,15.01,66,TRUE,TRUE
1710,29.03,73,TRUE,TRUE
1711,15.98,37,TRUE,TRUE
1712,21.17,70,TRUE,TRUE
1713,27.32,22,TRUE,TRUE
1714,25.39,36,TRUE,TRUE
1715,26.70,74,TRUE,TRUE
1716,25.02,33,TRUE,TRUE
1717,18.64,59,TRUE,FALSE
1718,33.01,56,TRUE,FALSE
1719,31.65,32,TRUE,TRUE
1720,32.57,70,TRUE,TRUE
1721,23.64,35,TRUE,TRUE
1722,27.67,38,TRUE,FALSE
1723,29.16,43,TRUE,FALSE
1724,21.50,37,TRUE,TRUE
1725,31.40,69,TRUE,TRUE
1726,34.12,74,TRUE,TRUE
1727,31.98,49,TRUE,FALSE
1728,24.99,39,TRUE,FALSE
1729,30.57,75,TRUE,TRUE
1730,23.90,68,TRUE,TRUE
1731,30.13,35,TRUE,TRUE
1732,26.83,35,TRUE,TRUE
1733,30.95,20,TRUE,TRUE
1734,29.08,23,TRUE,TRUE
1735,34.27,53,TRUE,FALSE
1736,21.30,32,TRUE,TRUE
1737,26.48,56,FALSE,FALSE
1738,21.79,76,TRUE,TRUE
1739,34.62,59,TRUE,FALSE
1740,32.80,53,TRUE,FALSE
1741,27.51,33,TRUE,TRUE
1742,25.66,40,FALSE,FALSE
1743,22.00,59,FALSE,FALSE
1744,17.52,20,TRUE,TRUE
1745,19.80,53,TRUE,FALSE
1746,16.93,32,TRUE,TRUE
1747,19.13,77,TRUE,TRUE
1748,26.97,40,FALSE,FALSE
1749,24.06,30,TRUE,TRUE
1750,29.85,30,TRUE,TRUE
1751,26.30,34,TRUE,TRUE
1752,17.57,43,TRUE,FALSE
1753,19.65,36,TRUE,TRUE
1754,24.99,21,TRUE,TRUE
1755,19.05,29,TRUE,TRUE
1756,15.25,29,TRUE,TRUE
1757,30.48,77,TRUE,TRUE
1758,21.35,54,FALSE,FALSE
1759,23.33,27,TRUE,TRUE
1760,17.91,62,TRUE,FALSE
1761,17.43,24,TRUE,TRUE
1762,16.51,42,TRUE,FALSE
1763,19.53,53,TRUE,FALSE
1764,34.80,20,TRUE,TRUE
1765,19.28,43,TRUE,FALSE
1766,15.23,63,TRUE,FALSE
1767,26.82,63,TRUE,FALSE
1768,18.54,39,TRUE,FALSE
1769,30.61,46,TRUE,FALSE
1770,25.47,25,TRUE,TRUE
1771,19.32,27,TRUE,TRUE
1772,26.86,64,TRUE,FALSE
1773,19.70,50,TRUE,FALSE
1774,16.47,38,TRUE,FALSE
1775,16.32,23,TRUE,TRUE
1776,17.45,22,TRUE,TRUE
1777,29.23,61,TRUE,FALSE
1778,18.78,45,TRUE,FALSE
1779,24.19,66,TRUE,TRUE
1780,25.38,66,TRUE,TRUE
1781,23.95,48,FALSE,FALSE
1782,17.37,58,TRUE,FALSE
1783,29.53,64,TRUE,FALSE
1784,33.21,46,TRUE,FALSE
1785,20.48,46,FALSE,FALSE
1786,22.36,54,FALSE,FALSE
1787,25.46,41,FALSE,FALSE
1788,32.39,73,TRUE,TRUE
1789,15.00,33,TRUE,TRUE
1790,18.91,59,TRUE,FALSE
1791,26.60,38,TRUE,FALSE
1792,24.95,27,TRUE,TRUE
1793,25.42,64,TRUE,FALSE
1794,15.15,41,TRUE,FALSE
1795,25.33,28,TRUE,TRUE
1796,29.74,27,TRUE,TRUE
1797,18.09,53,TRUE,FALSE
1798,31.04,23,TRUE,TRUE
1799,22.25,34,TRUE,TRUE
1800,15.15,41,TRUE,FALSE
1801,32.16,76,TRUE,TRUE
1802,25.24,70,TRUE,TRUE
1803,31.28,68,TRUE,TRUE
1804,19.45,48,TRUE,FALSE
1805,21.31,33,TRUE,TRUE
1806,18.06,38,TRUE,FALSE
1807,20.59,56,FALSE,FALSE
1808,20.14,56,FALSE,FALSE
1809,21.56,23,TRUE,TRUE
1810,22.51,24,TRUE,TRUE
1811,21.85,48,FALSE,FALSE
1812,24.01,42,FALSE,FALSE
1813,22.68,53,FALSE,FALSE
1814,23.95,42,FALSE,FALSE
1815,26.50,45,FALSE,FALSE
1816,23.61,56,FALSE,FALSE
1817,23.64,54,FALSE,FALSE
1818,23.68,40,FALSE,FALSE
1819,25.47,59,FALSE,FALSE
1820,25.57,55,FALSE,FALSE
1821,22.21,54,FALSE,FALSE
1822,26.61,47,FALSE,FALSE
1823,24.10,45,FALSE,FALSE
1824,22.63,57,FALSE,FALSE
1825,25.95,45,FALSE,FALSE
1826,24.09,40,FALSE,FALSE
1827,24.00,40,FALSE,FALSE
1828,26.71,43,FALSE,FALSE
1829,23.13,56,FALSE,FALSE
1830,21.93,41,FALSE,FALSE
1831,26.13,44,FALSE,FALSE
1832,24.15,53,FALSE,FALSE
1833,23.81,43,FALSE,FALSE
1834,21.72,57,FALSE,FALSE
1835,26.20,42,FALSE,FALSE
1836,22.31,48,FALSE,FALSE
1837,27.93,43,FALSE,FALSE
1838,24.13,41,FALSE,FALSE
1839,23.15,48,FALSE,FALSE
1840,23.66,53,FALSE,FALSE
1841,26.24,55,FALSE,FALSE
1842,25.35,40,FALSE,FALSE
1843,27.43,51,FALSE,FALSE
1844,25.82,46,FALSE,FALSE
1845,22.89,58,FALSE,FALSE
1846,22.29,44,FALSE,FALSE
1847,25.68,49,FALSE,FALSE
1848,27.78,56,FALSE,FALSE
1849,25.35,51,FALSE,FALSE
1850,23.85,53,FALSE,FALSE
1851,27.09,51,FALSE,FALSE
1852,21.33,58,FALSE,FALSE
1853,26.72,56,FALSE,FALSE
1854,21.49,54,FALSE,FALSE
1855,24.07,50,FALSE,FALSE
1856,26.94,57,FALSE,FALSE
1857,25.11,51,FALSE,FALSE
1858,21.47,48,FALSE,FALSE
1859,25.01,48,FALSE,FALSE
1860,24.94,44,FALSE,FALSE
1861,27.67,52,FALSE,FALSE
1862,21.62,46,FALSE,FALSE
1863,26.41,51,FALSE,FALSE
1864,22.40,55,FALSE,FALSE
1865,25.96,46,FALSE,FALSE
1866,25.48,53,FALSE,FALSE
1867,21.28,47,FALSE,FALSE
1868,25.14,52,FALSE,FALSE
1869,27.28,51,FALSE,FALSE
1870,27.03,44,FALSE,FALSE
1871,27.78,46,FALSE,FALSE
1872,27.59,49,FALSE,FALSE
1873,23.30,59,FALSE,FALSE
1874,25.79,55,FALSE,FALSE
1875,24.62,54,FALSE,FALSE
1876,26.85,40,FALSE,FALSE
1877,22.92,43,FALSE,FALSE
1878,26.46,59,FALSE,FALSE
1879,21.50,50,FALSE,FALSE
1880,26.56,55,FALSE,FALSE
1881,26.37,56,FALSE,FALSE
1882,27.75,50,FALSE,FALSE
1883,24.56,50,FALSE,FALSE
1884,25.72,46,FALSE,FALSE
1885,26.09,54,FALSE,FALSE
1886,26.86,45,FALSE,FALSE
1887,26.89,56,FALSE,FALSE
1888,23.67,41,FALSE,FALSE
1889,22.95,52,FALSE,FALSE
1890,27.51,54,FALSE,FALSE
1891,25.27,59,FALSE,FALSE
1892,25.64,42,FALSE,FALSE
1893,22.46,46,FALSE,FALSE
1894,25.27,40,FALSE,FALSE
1895,22.40,58,FALSE,FALSE
1896,21.92,42,FALSE,FALSE
1897,27.76,51,FALSE,FALSE
1898,26.40,48,FALSE,FALSE
1899,23.52,51,FALSE,FALSE
1900,27.77,58,FALSE,FALSE
1901,21.78,53,FALSE,FALSE
1902,22.97,59,FALSE,FALSE
1903,27.64,49,FALSE,FALSE
1904,22.56,40,FALSE,FALSE
1905,22.04,56,FALSE,FALSE
1906,27.13,41,FALSE,FALSE
1907,25.78,41,FALSE,FALSE
1908,25.81,55,FALSE,FALSE
1909,21.47,55,FALSE,FALSE
1910,24.18,41,FALSE,FALSE
1911,26.23,47,FALSE,FALSE
1912,22.96,46,FALSE,FALSE
1913,21.37,41,FALSE,FALSE
1914,26.40,56,FALSE,FALSE
1915,25.24,47,FALSE,FALSE
1916,27.58,49,FALSE,FALSE
1917,23.41,51,FALSE,FALSE
1918,25.57,45,FALSE,FALSE
1919,25.69,45,FALSE,FALSE
1920,25.59,55,FALSE,FALSE
1921,24.52,54,FALSE,FALSE
1922,24.21,58,FALSE,FALSE
1923,23.53,50,FALSE,FALSE
1924,24.51,52,FALSE,FALSE
1925,22.33,41,FALSE,FALSE
1926,21.80,53,FALSE,FALSE
1927,24.57,41,FALSE,FALSE
1928,27.53,44,FALSE,FALSE
1929,21.89,42,FALSE,FALSE
1930,22.93,53,FALSE,FALSE
1931,22.39,55,FALSE,FALSE
1932,23.96,41,FALSE,FALSE
1933,26.46,40,FALSE,FALSE
1934,24.15,47,FALSE,FALSE
1935,24.64,45,FALSE,FALSE
1936,24.31,54,FALSE,FALSE
1937,21.67,55,FALSE,FALSE
1938,26.24,58,FALSE,FALSE
1939,24.60,57,FALSE,FALSE
1940,22.30,46,FALSE,FALSE
1941,22.94,44,FALSE,FALSE
1942,26.46,58,FALSE,FALSE
1943,25.53,45,FALSE,FALSE
1944,26.50,46,FALSE,FALSE
1945,24.27,43,FALSE,FALSE
1946,27,57,FALSE,FALSE
1947,23,45,FALSE,FALSE
1948,22,45,FALSE,FALSE
1949,22,53,FALSE,FALSE
1950,26,50,FALSE,FALSE
1951,22,45,FALSE,FALSE
1952,27,59,FALSE,FALSE
1953,23.25,59,FALSE,FALSE
1954,27,43,FALSE,FALSE
1955,22,42,FALSE,FALSE
1956,26,47,FALSE,FALSE
1957,23,54,FALSE,FALSE
1958,23,50,FALSE,FALSE
1959,27,45,FALSE,FALSE
1960,22,42,FALSE,FALSE
1961,27,50,FALSE,FALSE
1962,25,58,FALSE,FALSE
1963,23,52,FALSE,FALSE
1964,25,48,FALSE,FALSE
1965,23,57,FALSE,FALSE
1966,22,44,FALSE,FALSE
1967,21,52,FALSE,FALSE
1968,25,43,FALSE,FALSE
1969,23,57,FALSE,FALSE
1970,24,55,FALSE,FALSE
1971,21,45,FALSE,FALSE
1972,26,58,FALSE,FALSE
1973,27,49,FALSE,FALSE
1974,28,58,FALSE,FALSE
1975,21,59,FALSE,FALSE
1976,27,42,FALSE,FALSE
1977,27,44,FALSE,FALSE
1978,25,49,FALSE,FALSE
1979,27,46,FALSE,FALSE
1980,26,59,FALSE,FALSE
1981,22,59,FALSE,FALSE
1982,22,55,FALSE,FALSE
1983,25,56,FALSE,FALSE
1984,23,41,FALSE,FALSE
1985,24,40,FALSE,FALSE
1986,25,46,FALSE,FALSE
1987,27,51,FALSE,FALSE
1988,26,57,FALSE,FALSE
1989,24,42,FALSE,FALSE
1990,25,50,FALSE,FALSE
1991,21,45,FALSE,FALSE
1992,25,59,FALSE,FALSE
1993,25,48,FALSE,FALSE
1994,27,48,FALSE,FALSE
1995,26,57,FALSE,FALSE
1996,25,42,FALSE,FALSE
1997,23,57,FALSE,FALSE
1998,22,51,FALSE,FALSE
1999,24,56,FALSE,FALSE
2000,24,49,FALSE,FALSE
2001,25,52,FALSE,FALSE
2002,23,49,FALSE,FALSE
2003,24,54,FALSE,FALSE
2004,21,51,FALSE,FALSE
2005,28,57,FALSE,FALSE
2006,26,59,FALSE,FALSE
2007,28,47,FALSE,FALSE
2008,24.5,47,FALSE,FALSE
2009,22,49,FALSE,FALSE
2010,24,56,FALSE,FALSE
2011,25,41,FALSE,FALSE
2012,23,58,FALSE,FALSE
2013,26,45,FALSE,FALSE
2014,25,57,FALSE,FALSE
2015,26,57,FALSE,FALSE
2016,26,51,FALSE,FALSE
2017,27,52,FALSE,FALSE
2018,26,48,FALSE,FALSE
2019,27,40,FALSE,FALSE
2020,25,41,FALSE,FALSE
2021,27,47,FALSE,FALSE
2022,26,49,FALSE,FALSE
2023,22,54,FALSE,FALSE
2024,22,53,FALSE,FALSE
2025,24,43,FALSE,FALSE
2026,27,45,FALSE,FALSE
2027,22,57,FALSE,FALSE
2028,22,41,FALSE,FALSE
2029,23,49,FALSE,FALSE
2030,22,55,FALSE,FALSE
2031,24,44,FALSE,FALSE
2032,27,46,FALSE,FALSE
2033,24,45,FALSE,FALSE
2034,28,51,FALSE,FALSE
2035,25,40,FALSE,FALSE
2036,26,58,FALSE,FALSE
2037,23,44,FALSE,FALSE
2038,24,57,FALSE,FALSE
2039,24,58,FALSE,FALSE
2040,26,59,FALSE,FALSE
2041,25,56,FALSE,FALSE
2042,23,49,FALSE,FALSE
2043,21.5,56,FALSE,FALSE
2044,22,49,FALSE,FALSE
2045,21,42,FALSE,FALSE
2046,22,41,FALSE,FALSE
2047,24,49,FALSE,FALSE
2048,26,47,FALSE,FALSE
2049,24,43,FALSE,FALSE
2050,26,49,FALSE,FALSE
2051,25,43,FALSE,FALSE
2052,28,51,FALSE,FALSE
2053,25,55,FALSE,FALSE
2054,27,43,FALSE,FALSE
2055,22,56,FALSE,FALSE
2056,24,40,FALSE,FALSE
2057,28,40,FALSE,FALSE
2058,24,44,FALSE,FALSE
2059,23,50,FALSE,FALSE
2060,27,54,FALSE,FALSE
2061,26,47,FALSE,FALSE
2062,23,52,FALSE,FALSE
2063,26,46,FALSE,FALSE
2064,24,49,FALSE,FALSE
2065,26,49,FALSE,FALSE
2066,28,46,FALSE,FALSE
2067,25,49,FALSE,FALSE
2068,23,49,FALSE,FALSE
2069,21,42,FALSE,FALSE
2070,23,51,FALSE,FALSE
2071,28,49,FALSE,FALSE
2072,28,48,FALSE,FALSE
2073,26,48,FALSE,FALSE
2074,24,56,FALSE,FALSE
2075,21,43,FALSE,FALSE
2076,25,40,FALSE,FALSE
2077,25,58,FALSE,FALSE
2078,27,45,FALSE,FALSE
2079,24,45,FALSE,FALSE
2080,23,46,FALSE,FALSE
2081,23,47,FALSE,FALSE
2082,26,53,FALSE,FALSE
2083,23,41,FALSE,FALSE
2084,26,51,FALSE,FALSE
2085,24,55,FALSE,FALSE
2086,27,41,FALSE,FALSE
2087,22,56,FALSE,FALSE
2088,21,54,FALSE,FALSE
2089,27,59,FALSE,FALSE
2090,21,46,FALSE,FALSE
2091,27,40,FALSE,FALSE
2092,21,40,FALSE,FALSE
2093,26,49,FALSE,FALSE
2094,21,58,FALSE,FALSE
2095,26,49,FALSE,FALSE
2096,22,52,FALSE,FALSE
2097,27,49,FALSE,FALSE
2098,21,57,FALSE,FALSE
2099,24,43,FALSE,FALSE
2100,27,49,FALSE,FALSE
2101,23,54,FALSE,FALSE
2102,25,47,FALSE,FALSE
2103,22,43,FALSE,FALSE
2104,25,45,FALSE,FALSE
2105,27,46,FALSE,FALSE
2106,25,57,FALSE,FALSE
2107,26,44,FALSE,FALSE
2108,23,57,FALSE,FALSE
2109,25,55,FALSE,FALSE
2110,25,52,FALSE,FALSE
2111,27,47,FALSE,FALSE
2112,23,46,FALSE,FALSE
2113,23,55,FALSE,FALSE
2114,27,51,FALSE,FALSE
2115,23,54,FALSE,FALSE
2116,27,56,FALSE,FALSE
2117,28,47,FALSE,FALSE
2118,25,47,FALSE,FALSE
2119,28,44,FALSE,FALSE
2120,25,47,FALSE,FALSE
2121,26,59,FALSE,FALSE
2122,21,46,FALSE,FALSE
2123,24,55,FALSE,FALSE
2124,24,42,FALSE,FALSE
2125,28,57,FALSE,FALSE
2126,27,40,FALSE,FALSE
2127,22,45,FALSE,FALSE
2128,21,43,FALSE,FALSE
2129,24,59,FALSE,FALSE
2130,21,42,FALSE,FALSE
2131,24,59,FALSE,FALSE
2132,24,43,FALSE,FALSE
2133,25,52,FALSE,FALSE
2134,21,58,FALSE,FALSE
2135,25,55,FALSE,FALSE
2136,21,49,FALSE,FALSE
2137,21,59,FALSE,FALSE
2138,27,44,FALSE,FALSE
2139,21,54,FALSE,FALSE
2140,23,52,FALSE,FALSE
2141,22,47,FALSE,FALSE
2142,25,46,FALSE,FALSE
2143,27,54,FALSE,FALSE
2144,27,58,FALSE,FALSE
2145,23,47,FALSE,FALSE
2146,22,53,FALSE,FALSE
2147,25,57,FALSE,FALSE
2148,26,58,FALSE,FALSE
2149,24,55,FALSE,FALSE
2150,21,57,FALSE,FALSE
2151,26,43,FALSE,FALSE
2152,28,44,FALSE,FALSE
2153,25,52,FALSE,FALSE
2154,26,59,FALSE,FALSE
2155,23,58,FALSE,FALSE
2156,24,43,FALSE,FALSE
2157,28,50,FALSE,FALSE
2158,28,59,FALSE,FALSE
2159,23,57,FALSE,FALSE
2160,24,56,FALSE,FALSE
2161,22,49,FALSE,FALSE
2162,25,45,FALSE,FALSE
2163,26,44,FALSE,FALSE
2164,25,51,FALSE,FALSE
2165,23,48,FALSE,FALSE
2166,27,49,FALSE,FALSE
2167,28,49,FALSE,FALSE
2168,25,57,FALSE,FALSE
2169,26,49,FALSE,FALSE
2170,27,45,FALSE,FALSE
2171,26,52,FALSE,FALSE
2172,22,49,FALSE,FALSE
2173,27,46,FALSE,FALSE
2174,26,53,FALSE,FALSE
2175,22,50,FALSE,FALSE
2176,22,52,FALSE,FALSE
2177,25,47,FALSE,FALSE
2178,23,43,FALSE,FALSE
2179,26,43,FALSE,FALSE
2180,21,43,FALSE,FALSE
2181,24,47,FALSE,FALSE
2182,24,47,FALSE,FALSE
2183,25,46,FALSE,FALSE
2184,27,58,FALSE,FALSE
2185,26,55,FALSE,FALSE
2186,27,55,FALSE,FALSE
2187,26,42,FALSE,FALSE
2188,26,49,FALSE,FALSE
2189,26,48,FALSE,FALSE
2190,26,49,FALSE,FALSE
2191,23,48,FALSE,FALSE
2192,22,54,FALSE,FALSE
2193,23,51,FALSE,FALSE
2194,24,52,FALSE,FALSE
2195,25,48,FALSE,FALSE
2196,22,57,FALSE,FALSE
2197,26,53,FALSE,FALSE
2198,28,50,FALSE,FALSE
2199,24,47,FALSE,FALSE
2200,24,56,FALSE,FALSE
2201,27,40,FALSE,FALSE
2202,25,49,FALSE,FALSE
2203,22,56,FALSE,FALSE
2204,22,51,FALSE,FALSE
2205,22,49,FALSE,FALSE
2206,25,48,FALSE,FALSE
2207,21,55,FALSE,FALSE
2208,22,45,FALSE,FALSE
2209,27,48,FALSE,FALSE
2210,26,51,FALSE,FALSE
2211,26,52,FALSE,FALSE
2212,26,51,FALSE,FALSE
2213,28,53,FALSE,FALSE
2214,21,50,FALSE,FALSE
2215,24,47,FALSE,FALSE
2216,23,48,FALSE,FALSE
2217,21,55,FALSE,FALSE
2218,25,53,FALSE,FALSE
2219,27,47,FALSE,FALSE
2220,26,59,FALSE,FALSE
2221,26,59,FALSE,FALSE
2222,27,46,FALSE,FALSE
2223,22,44,FALSE,FALSE
2224,26,42,FALSE,FALSE
2225,26,54,FALSE,FALSE
2226,23,56,FALSE,FALSE
2227,22,45,FALSE,FALSE
2228,22,58,FALSE,FALSE
2229,23,49,FALSE,FALSE
2230,23,48,FALSE,FALSE
2231,22,57,FALSE,FALSE
2232,25,48,FALSE,FALSE
2233,23,44,FALSE,FALSE
2234,24,49,FALSE,FALSE
2235,25,54,FALSE,FALSE
2236,25,57,FALSE,FALSE
2237,25,59,FALSE,FALSE
2238,22,58,FALSE,FALSE
2239,25,54,FALSE,FALSE
2240,25.25,52,FALSE,FALSE
2241,21,51,FALSE,FALSE
2242,23,55,FALSE,FALSE
2243,22,53,FALSE,FALSE
2244,25,49,FALSE,FALSE
2245,27,46,FALSE,FALSE
2246,26,57,FALSE,FALSE
2247,21,55,FALSE,FALSE
2248,23,58,FALSE,FALSE
2249,24.75,47,FALSE,FALSE
2250,26,50,FALSE,FALSE
2251,24,53,FALSE,FALSE
2252,23,51,FALSE,FALSE
2253,22,55,FALSE,FALSE
2254,25,47,FALSE,FALSE
2255,22,45,FALSE,FALSE
2256,21,54,FALSE,FALSE
2257,23,57,FALSE,FALSE
2258,22,58,FALSE,FALSE
2259,24,47,FALSE,FALSE
2260,28,48,FALSE,FALSE
2261,27,47,FALSE,FALSE
2262,27,54,FALSE,FALSE
2263,25,41,FALSE,FALSE
2264,23,55,FALSE,FALSE
2265,27,46,FALSE,FALSE
2266,23,50,FALSE,FALSE
2267,22,57,FALSE,FALSE
2268,22,58,FALSE,FALSE
2269,22,41,FALSE,FALSE
2270,26,51,FALSE,FALSE
2271,27,43,FALSE,FALSE
2272,23,41,FALSE,FALSE
2273,24,44,FALSE,FALSE
2274,25,43,FALSE,FALSE
2275,24,59,FALSE,FALSE
2276,28,44,FALSE,FALSE
2277,22,45,FALSE,FALSE
2278,22,55,FALSE,FALSE
2279,22,50,FALSE,FALSE
2280,25,42,FALSE,FALSE
2281,21,57,FALSE,FALSE
2282,23,49,FALSE,FALSE
2283,24,46,FALSE,FALSE
2284,21,45,FALSE,FALSE
2285,21,53,FALSE,FALSE
2286,27,54,FALSE,FALSE
2287,23,58,FALSE,FALSE
2288,23,59,FALSE,FALSE
2289,26,51,FALSE,FALSE
2290,26,57,FALSE,FALSE
2291,23,49,FALSE,FALSE
2292,22,43,FALSE,FALSE
2293,26,46,FALSE,FALSE
2294,28,45,FALSE,FALSE
2295,25,49,FALSE,FALSE
2296,22,49,FALSE,FALSE
2297,22,54,FALSE,FALSE
2298,26,50,FALSE,FALSE
2299,28,51,FALSE,FALSE
2300,22,56,FALSE,FALSE
2301,25,55,FALSE,FALSE
2302,22,57,FALSE,FALSE
2303,23,44,FALSE,FALSE
2304,27,48,FALSE,FALSE
2305,25,40,FALSE,FALSE
2306,25,42,FALSE,FALSE
2307,22,40,FALSE,FALSE
2308,27,47,FALSE,FALSE
2309,24,41,FALSE,FALSE
2310,25,48,FALSE,FALSE
2311,24,41,FALSE,FALSE
2312,22,44,FALSE,FALSE
2313,23,55,FALSE,FALSE
2314,24,56,FALSE,FALSE
2315,27,53,FALSE,FALSE
2316,25,49,FALSE,FALSE
2317,23,55,FALSE,FALSE
2318,25,47,FALSE,FALSE
2319,22.62,51,FALSE,FALSE
2320,22.67,52,FALSE,FALSE
2321,23.78,55,FALSE,FALSE
2322,22.39,41,FALSE,FALSE
2323,25.79,46,FALSE,FALSE
2324,25.83,51,FALSE,FALSE
2325,22.16,46,FALSE,FALSE
2326,24.62,53,FALSE,FALSE
2327,25.31,59,FALSE,FALSE
2328,23.02,41,FALSE,FALSE
2329,25.52,58,FALSE,FALSE
2330,22.36,55,FALSE,FALSE
2331,24.9,45,FALSE,FALSE
2332,26.18,50,FALSE,FALSE
2333,21.47,49,FALSE,FALSE
2334,24,40,FALSE,FALSE
2335,27.88,56,FALSE,FALSE
2336,24.37,46,FALSE,FALSE
2337,25.5,47,FALSE,FALSE
2338,27.57,58,FALSE,FALSE
2339,25.83,46,FALSE,FALSE
2340,26.84,50,FALSE,FALSE
2341,23.12,41,FALSE,FALSE
2342,23.64,49,FALSE,FALSE
2343,24.03,58,FALSE,FALSE
2344,22.25,50,FALSE,FALSE
2345,21.24,47,FALSE,FALSE
2346,25.61,48,FALSE,FALSE
2347,21.73,45,FALSE,FALSE
2348,25.23,50,FALSE,FALSE
2349,22.32,53,FALSE,FALSE
2350,23.56,49,FALSE,FALSE
2351,21.37,40,FALSE,FALSE
2352,26.21,45,FALSE,FALSE
2353,24.48,51,FALSE,FALSE
2354,24.29,40,FALSE,FALSE
2355,22.74,54,FALSE,FALSE
2356,21.46,45,FALSE,FALSE
2357,27.88,46,FALSE,FALSE
2358,23.8,52,FALSE,FALSE
2359,25.53,49,FALSE,FALSE
2360,25.12,56,FALSE,FALSE
2361,22.97,39,TRUE,FALSE
2362,23.35,42,FALSE,FALSE
2363,23.61,38,TRUE,FALSE
2364,26.05,55,FALSE,FALSE
2365,23.22,43,FALSE,FALSE
2366,21.03,55,FALSE,FALSE
2367,24.05,52,FALSE,FALSE
2368,25.6,51,FALSE,FALSE
2369,26.5,37,TRUE,TRUE
2370,25.46,50,FALSE,FALSE
2371,21.55,43,FALSE,FALSE
2372,25.33,54,FALSE,FALSE
2373,24.61,46,FALSE,FALSE
2374,22.38,62,TRUE,FALSE
2375,22.42,50,FALSE,FALSE
2376,22.03,38,TRUE,FALSE
2377,25.26,47,FALSE,FALSE
2378,21.01,53,FALSE,FALSE
2379,24.03,42,FALSE,FALSE
2380,25.33,55,FALSE,FALSE
2381,24.61,50,FALSE,FALSE
2382,26.05,62,TRUE,FALSE
2383,24.76,44,FALSE,FALSE
2384,26.43,39,TRUE,FALSE
2385,24.45,57,FALSE,FALSE
2386,23.02,40,FALSE,FALSE
2387,26.43,52,FALSE,FALSE
2388,24.96,53,FALSE,FALSE
2389,25.49,55,FALSE,FALSE
2390,23.14,51,FALSE,FALSE
2391,21.5,56,FALSE,FALSE
2392,23.29,37,TRUE,TRUE
2393,24.94,64,TRUE,FALSE
2394,23.9,41,FALSE,FALSE
2395,23.9,59,FALSE,FALSE
2396,26.95,57,FALSE,FALSE
2397,25.87,58,FALSE,FALSE
2398,25.01,47,FALSE,FALSE
2399,25.51,52,FALSE,FALSE
2400,21.81,62,TRUE,FALSE
2401,22.88,64,TRUE,FALSE
2402,21.02,41,FALSE,FALSE
2403,24.89,56,FALSE,FALSE
2404,24.23,59,FALSE,FALSE
2405,22.48,44,FALSE,FALSE
2406,26.11,36,TRUE,TRUE
2407,23.4,35,TRUE,TRUE
2408,23.81,45,FALSE,FALSE
2409,26.92,38,TRUE,FALSE
2410,23.58,45,FALSE,FALSE
2411,26.23,38,TRUE,FALSE
2412,22.78,36,TRUE,TRUE
2413,26.46,35,TRUE,TRUE
2414,21.64,49,FALSE,FALSE
2415,26.35,64,TRUE,FALSE
2416,21.05,38,TRUE,FALSE
2417,26.26,44,FALSE,FALSE
2418,22.93,56,FALSE,FALSE
2419,24.82,57,FALSE,FALSE
2420,24.84,35,TRUE,TRUE
2421,26.54,64,TRUE,FALSE
2422,24.05,35,TRUE,TRUE
2423,26.84,38,TRUE,FALSE
2424,23.4,48,FALSE,FALSE
2425,26.33,48,FALSE,FALSE
2426,25.19,59,FALSE,FALSE
2427,21.39,52,FALSE,FALSE
2428,25.83,39,TRUE,FALSE
2429,23.64,59,FALSE,FALSE
2430,26.24,58,FALSE,FALSE
2431,21.91,52,FALSE,FALSE
2432,25.54,38,TRUE,FALSE
2433,24.89,48,FALSE,FALSE
2434,25.58,56,FALSE,FALSE
2435,24.2,38,TRUE,FALSE
2436,24.21,42,FALSE,FALSE
2437,21.37,47,FALSE,FALSE
2438,21.54,41,FALSE,FALSE
2439,22.73,63,TRUE,FALSE
2440,22.62,63,TRUE,FALSE
2441,26.7,35,TRUE,TRUE
2442,22.52,40,FALSE,FALSE
2443,21.73,51,FALSE,FALSE
2444,23.8,53,FALSE,FALSE
2445,21.48,50,FALSE,FALSE
2446,21.52,43,FALSE,FALSE
2447,23.07,48,FALSE,FALSE
2448,23.16,43,FALSE,FALSE
2449,22.7,62,TRUE,FALSE
2450,24.94,35,TRUE,TRUE
2451,26.52,60,FALSE,FALSE
2452,25.71,47,FALSE,FALSE
2453,22.41,36,TRUE,TRUE
2454,21.69,56,FALSE,FALSE
2455,25.55,42,FALSE,FALSE
2456,24.96,44,FALSE,FALSE
2457,22.85,56,FALSE,FALSE
2458,26,50,FALSE,FALSE
2459,25.78,63,TRUE,FALSE
2460,24.3,38,TRUE,FALSE
2461,23.75,58,FALSE,FALSE
2462,21.08,54,FALSE,FALSE
2463,23.92,64,TRUE,FALSE
2464,21.8,42,FALSE,FALSE
2465,23.75,47,FALSE,FALSE
2466,23.16,62,TRUE,FALSE
2467,25.98,64,TRUE,FALSE
2468,24.3,62,TRUE,FALSE
2469,22.15,49,FALSE,FALSE
2470,26.2,35,TRUE,TRUE
2471,21.72,52,FALSE,FALSE
2472,22.88,36,TRUE,TRUE
2473,23.82,56,FALSE,FALSE
2474,25.42,40,FALSE,FALSE
2475,21.55,55,FALSE,FALSE
2476,23.08,63,TRUE,FALSE
2477,22.58,45,FALSE,FALSE
2478,24.43,40,FALSE,FALSE
2479,23.56,60,FALSE,FALSE
2480,24.93,43,FALSE,FALSE
2481,22.67,64,TRUE,FALSE
2482,22.99,64,TRUE,FALSE
2483,21.23,61,TRUE,FALSE
2484,26.83,53,FALSE,FALSE
2485,25.08,61,TRUE,FALSE
2486,21.93,45,FALSE,FALSE
2487,26.76,64,TRUE,FALSE
2488,22.38,38,TRUE,FALSE
2489,24.41,40,FALSE,FALSE
2490,22.87,63,TRUE,FALSE
2491,24.63,44,FALSE,FALSE
2492,24.4,45,FALSE,FALSE
2493,26.85,42,FALSE,FALSE
2494,22.92,50,FALSE,FALSE
2495,22.71,40,FALSE,FALSE
2496,26.71,51,FALSE,FALSE
2497,25.12,46,FALSE,FALSE
2498,23.78,39,TRUE,FALSE
2499,21.51,38,TRUE,FALSE
2500,26.49,57,FALSE,FALSE
2501,24.84,42,FALSE,FALSE
2502,26.11,56,FALSE,FALSE
2503,22.13,56,FALSE,FALSE
2504,25.56,46,FALSE,FALSE
2505,24.79,55,FALSE,FALSE
2506,26.93,42,FALSE,FALSE
2507,25.09,44,FALSE,FALSE
2508,26.76,61,TRUE,FALSE
2509,21.57,55,FALSE,FALSE
2510,22.37,57,FALSE,FALSE
2511,25.37,62,TRUE,FALSE
2512,26.21,60,FALSE,FALSE
2513,23.84,38,TRUE,FALSE
2514,21.46,44,FALSE,FALSE
2515,24.02,44,FALSE,FALSE
2516,25.32,56,FALSE,FALSE
2517,23.45,46,FALSE,FALSE
2518,24.78,55,FALSE,FALSE
2519,26.75,49,FALSE,FALSE
2520,23.81,47,FALSE,FALSE
2521,25.31,41,FALSE,FALSE
2522,25.67,60,FALSE,FALSE
2523,25.92,53,FALSE,FALSE
2524,22.21,50,FALSE,FALSE
2525,21.96,49,FALSE,FALSE
2526,23.96,53,FALSE,FALSE
2527,21.86,37,TRUE,TRUE
2528,23,57,FALSE,FALSE
2529,26.7,57,FALSE,FALSE
2530,26.64,52,FALSE,FALSE
2531,25.38,51,FALSE,FALSE
2532,21.33,52,FALSE,FALSE
2533,24.71,37,TRUE,TRUE
2534,21.75,42,FALSE,FALSE
2535,24.28,35,TRUE,TRUE
2536,24.11,59,FALSE,FALSE
2537,24.76,64,TRUE,FALSE
2538,24.74,62,TRUE,FALSE
2539,24.15,49,FALSE,FALSE
2540,25.31,45,FALSE,FALSE
2541,21.52,59,FALSE,FALSE
2542,23.31,59,FALSE,FALSE
2543,23.59,56,FALSE,FALSE
2544,25.92,40,FALSE,FALSE
2545,24.75,54,FALSE,FALSE
2546,25.75,40,FALSE,FALSE
2547,24.67,42,FALSE,FALSE
2548,24.34,56,FALSE,FALSE
2549,21.99,59,FALSE,FALSE
2550,26.68,47,FALSE,FALSE
2551,24.19,42,FALSE,FALSE
2552,21.66,50,FALSE,FALSE
2553,22.83,45,FALSE,FALSE
2554,25.87,48,FALSE,FALSE
2555,23.88,51,FALSE,FALSE
2556,22.78,61,TRUE,FALSE
2557,25.84,48,FALSE,FALSE
2558,22.62,57,FALSE,FALSE
2559,21.17,54,FALSE,FALSE
2560,24.05,41,FALSE,FALSE
2561,26.25,38,TRUE,FALSE
2562,25.83,50,FALSE,FALSE
2563,24.7,59,FALSE,FALSE
2564,26.17,51,FALSE,FALSE
2565,25.45,35,TRUE,TRUE
2566,24.95,62,TRUE,FALSE
2567,25.6,38,TRUE,FALSE
2568,21.03,55,FALSE,FALSE
2569,26.58,63,TRUE,FALSE
2570,24.96,50,FALSE,FALSE
2571,21.59,44,FALSE,FALSE
2572,22.94,46,FALSE,FALSE
2573,24.67,37,TRUE,TRUE
2574,26.56,50,FALSE,FALSE
2575,25.6,54,FALSE,FALSE
2576,26.69,44,FALSE,FALSE
2577,25.35,35,TRUE,TRUE
2578,26.12,61,TRUE,FALSE
2579,24.49,61,TRUE,FALSE
2580,23.16,46,FALSE,FALSE
2581,25.56,36,TRUE,TRUE
2582,21.42,48,FALSE,FALSE
2583,22.93,58,FALSE,FALSE
2584,22.54,61,TRUE,FALSE
2585,21.01,42,FALSE,FALSE
2586,21.12,51,FALSE,FALSE
2587,23.63,53,FALSE,FALSE
2588,25.42,36,TRUE,TRUE
2589,22.63,49,FALSE,FALSE
2590,24.58,56,FALSE,FALSE
2591,24.76,53,FALSE,FALSE
2592,22.41,35,TRUE,TRUE
2593,21.29,41,FALSE,FALSE
2594,23.17,43,FALSE,FALSE
2595,26.55,48,FALSE,FALSE
2596,25.21,47,FALSE,FALSE
2597,23.2,55,FALSE,FALSE
2598,21.65,53,FALSE,FALSE
2599,23.59,49,FALSE,FALSE
2600,24.97,59,FALSE,FALSE
2601,21.31,51,FALSE,FALSE
2602,23.81,60,FALSE,FALSE
2603,21.31,41,FALSE,FALSE
2604,21.58,36,TRUE,TRUE
2605,26.32,56,FALSE,FALSE
2606,23.18,54,FALSE,FALSE
2607,24.29,56,FALSE,FALSE
2608,24.41,62,TRUE,FALSE
2609,25.52,36,TRUE,TRUE
2610,22.85,46,FALSE,FALSE
2611,22.17,58,FALSE,FALSE
2612,22.64,40,FALSE,FALSE
2613,22.22,59,FALSE,FALSE
2614,23.93,43,FALSE,FALSE
2615,23.81,41,FALSE,FALSE
2616,24.99,59,FALSE,FALSE
2617,25.56,63,TRUE,FALSE
2618,23.2,50,FALSE,FALSE
2619,26.91,56,FALSE,FALSE
2620,22.93,43,FALSE,FALSE
2621,25.44,41,FALSE,FALSE
2622,25.41,35,TRUE,TRUE
2623,21.71,37,TRUE,TRUE
2624,25.75,41,FALSE,FALSE
2625,24.73,55,FALSE,FALSE
2626,22.46,59,FALSE,FALSE
2627,22.35,39,TRUE,FALSE
2628,25.61,56,FALSE,FALSE
2629,24.31,63,TRUE,FALSE
2630,26.29,64,TRUE,FALSE
2631,26.57,37,TRUE,TRUE
2632,21.29,42,FALSE,FALSE
2633,24.13,52,FALSE,FALSE
2634,21.28,51,FALSE,FALSE
2635,26.57,60,FALSE,FALSE
2636,22.75,57,FALSE,FALSE
2637,23.88,38,TRUE,FALSE
2638,23.34,55,FALSE,FALSE
2639,23.54,42,FALSE,FALSE
2640,26.04,58,FALSE,FALSE
2641,25.37,41,FALSE,FALSE
2642,26.68,46,FALSE,FALSE
2643,26.38,48,FALSE,FALSE
2644,23.18,41,FALSE,FALSE
2645,23.99,38,TRUE,FALSE
2646,24.37,53,FALSE,FALSE
2647,23.58,57,FALSE,FALSE
2648,26.08,35,TRUE,TRUE
2649,23.12,35,TRUE,TRUE
2650,21.34,41,FALSE,FALSE
2651,24.54,41,FALSE,FALSE
2652,21.7,51,FALSE,FALSE
2653,23.38,42,FALSE,FALSE
2654,24.4,35,TRUE,TRUE
2655,26.91,52,FALSE,FALSE
2656,23.67,58,FALSE,FALSE
2657,23.36,57,FALSE,FALSE
2658,22.02,64,TRUE,FALSE
2659,22.11,61,TRUE,FALSE
2660,26.04,59,FALSE,FALSE
2661,21.26,61,TRUE,FALSE
2662,22.29,55,FALSE,FALSE
2663,23.82,43,FALSE,FALSE
2664,24.47,57,FALSE,FALSE
2665,21.86,58,FALSE,FALSE
2666,22.17,45,FALSE,FALSE
2667,25.74,57,FALSE,FALSE
2668,22.58,37,TRUE,TRUE
2669,26.65,45,FALSE,FALSE
2670,23.32,60,FALSE,FALSE
2671,22.42,47,FALSE,FALSE
2672,24.25,40,FALSE,FALSE
2673,21.05,37,TRUE,TRUE
2674,23.55,44,FALSE,FALSE
2675,26.78,40,FALSE,FALSE
2676,22.97,42,FALSE,FALSE
2677,22.3,38,TRUE,FALSE
2678,21.71,44,FALSE,FALSE
2679,23.16,40,FALSE,FALSE
2680,22.61,37,TRUE,TRUE
2681,25.62,44,FALSE,FALSE
2682,23.14,47,FALSE,FALSE
2683,21.42,50,FALSE,FALSE
2684,25.2,48,FALSE,FALSE
2685,21.95,51,FALSE,FALSE
2686,26.11,64,TRUE,FALSE
2687,22.31,50,FALSE,FALSE
2688,26.86,63,TRUE,FALSE
2689,23.64,54,FALSE,FALSE
2690,22.85,41,FALSE,FALSE
2691,24.5,41,FALSE,FALSE
2692,23.7,64,TRUE,FALSE
2693,22.58,57,FALSE,FALSE
2694,25.82,47,FALSE,FALSE
2695,22.56,38,TRUE,FALSE
2696,24.77,40,FALSE,FALSE
2697,21.82,64,TRUE,FALSE
2698,24.96,46,FALSE,FALSE
2699,21.03,63,TRUE,FALSE
2700,22.93,58,FALSE,FALSE
2701,24.27,59,FALSE,FALSE
2702,25.02,60,FALSE,FALSE
2703,24.93,58,FALSE,FALSE
2704,21.86,49,FALSE,FALSE
2705,21.34,49,FALSE,FALSE
2706,25.93,46,FALSE,FALSE
2707,26.88,49,FALSE,FALSE
2708,24.87,49,FALSE,FALSE
2709,25.61,62,TRUE,FALSE
2710,26.69,57,FALSE,FALSE
2711,24.29,41,FALSE,FALSE
2712,25.41,55,FALSE,FALSE
2713,25.36,55,FALSE,FALSE
2714,24.3,60,FALSE,FALSE
2715,24.25,60,FALSE,FALSE
2716,23.06,49,FALSE,FALSE
2717,21.68,64,TRUE,FALSE
2718,23.71,36,TRUE,TRUE
2719,22.06,35,TRUE,TRUE
2720,23.21,63,TRUE,FALSE
2721,24.12,56,FALSE,FALSE
2722,21.25,41,FALSE,FALSE
2723,22.48,46,FALSE,FALSE
2724,26.81,44,FALSE,FALSE
2725,26.7,56,FALSE,FALSE
2726,22.12,47,FALSE,FALSE
2727,23.22,40,FALSE,FALSE
2728,26.36,59,FALSE,FALSE
2729,23.83,42,FALSE,FALSE
2730,22.04,57,FALSE,FALSE
2731,24.33,59,FALSE,FALSE
2732,26.58,48,FALSE,FALSE
2733,24.75,55,FALSE,FALSE
2734,26.47,53,FALSE,FALSE
2735,26.98,42,FALSE,FALSE
2736,25.75,40,FALSE,FALSE
2737,21.88,50,FALSE,FALSE
2738,26.64,55,FALSE,FALSE
2739,24.48,36,TRUE,TRUE
2740,21.93,43,FALSE,FALSE
2741,22.95,53,FALSE,FALSE
2742,21.81,51,FALSE,FALSE
2743,26.07,52,FALSE,FALSE
2744,25,35,TRUE,TRUE
2745,24.58,63,TRUE,FALSE
2746,26.3,57,FALSE,FALSE
2747,23.64,35,TRUE,TRUE
2748,25.32,62,TRUE,FALSE
2749,24.64,58,FALSE,FALSE
2750,21.48,35,TRUE,TRUE
2751,25.49,47,FALSE,FALSE
2752,25.67,35,TRUE,TRUE
2753,24.64,48,FALSE,FALSE
2754,26.68,43,FALSE,FALSE
2755,21.73,46,FALSE,FALSE
2756,25.4,53,FALSE,FALSE
2757,23.69,52,FALSE,FALSE
2758,21.56,41,FALSE,FALSE
2759,23.5,48,FALSE,FALSE
2760,22.41,59,FALSE,FALSE
2761,23.9,48,FALSE,FALSE
2762,22.11,57,FALSE,FALSE
2763,24.25,46,FALSE,FALSE
2764,26.23,64,TRUE,FALSE
2765,21.35,48,FALSE,FALSE
2766,24.09,53,FALSE,FALSE
2767,24.84,59,FALSE,FALSE
2768,25.74,63,TRUE,FALSE
2769,24.54,62,TRUE,FALSE
2770,25.56,47,FALSE,FALSE
2771,22.51,58,FALSE,FALSE
2772,22.48,64,TRUE,FALSE
2773,25.21,36,TRUE,TRUE
2774,24.33,38,TRUE,FALSE
2775,25.24,56,FALSE,FALSE
2776,24.45,36,TRUE,TRUE
2777,24.09,60,FALSE,FALSE
2778,22.58,62,TRUE,FALSE
2779,21.15,35,TRUE,TRUE
2780,21.51,49,FALSE,FALSE
2781,24.56,39,TRUE,FALSE
2782,26.69,52,FALSE,FALSE
2783,23.9,47,FALSE,FALSE
2784,23.75,46,FALSE,FALSE
2785,22.82,60,FALSE,FALSE
2786,21.46,41,FALSE,FALSE
2787,23.12,52,FALSE,FALSE
2788,21.41,43,FALSE,FALSE
2789,24.44,56,FALSE,FALSE
2790,24.16,46,FALSE,FALSE
2791,25.24,64,TRUE,FALSE
2792,25.03,41,FALSE,FALSE
2793,23.27,60,FALSE,FALSE
2794,22.38,56,FALSE,FALSE
2795,26.64,51,FALSE,FALSE
2796,22.64,50,FALSE,FALSE
2797,24.09,53,FALSE,FALSE
2798,22.16,46,FALSE,FALSE
2799,24.74,57,FALSE,FALSE
2800,26.29,55,FALSE,FALSE
2801,25.76,36,TRUE,TRUE
2802,22.87,62,TRUE,FALSE
2803,24.18,59,FALSE,FALSE
2804,25.85,48,FALSE,FALSE
2805,24.19,51,FALSE,FALSE
2806,25.29,35,TRUE,TRUE
2807,23.58,64,TRUE,FALSE
2808,21.18,61,TRUE,FALSE
2809,25.52,39,TRUE,FALSE
2810,24.17,62,TRUE,FALSE
2811,26.92,42,FALSE,FALSE
2812,26.59,59,FALSE,FALSE
2813,23.95,40,FALSE,FALSE
2814,23.92,38,TRUE,FALSE
2815,23.66,53,FALSE,FALSE
2816,26.33,41,FALSE,FALSE
2817,23.49,54,FALSE,FALSE
2818,26.96,60,FALSE,FALSE
2819,23.43,60,FALSE,FALSE
2820,26.44,61,TRUE,FALSE
2821,24.43,60,FALSE,FALSE
2822,26.7,45,FALSE,FALSE
2823,24.94,41,FALSE,FALSE
2824,25.22,51,FALSE,FALSE
2825,26.02,39,TRUE,FALSE
2826,25.45,40,FALSE,FALSE
2827,24.33,38,TRUE,FALSE
2828,26.35,38,TRUE,FALSE
2829,25.66,63,TRUE,FALSE
2830,25.74,63,TRUE,FALSE
2831,22.16,64,TRUE,FALSE
2832,21.66,48,FALSE,FALSE
2833,24.34,42,FALSE,FALSE
2834,24.48,57,FALSE,FALSE
2835,21.11,60,FALSE,FALSE
2836,23.87,36,TRUE,TRUE
2837,24.57,56,FALSE,FALSE
2838,21.67,42,FALSE,FALSE
2839,25.61,50,FALSE,FALSE
2840,26.35,51,FALSE,FALSE
2841,22.01,47,FALSE,FALSE
2842,21.79,45,FALSE,FALSE
2843,25.07,56,FALSE,FALSE
2844,25.18,38,TRUE,FALSE
2845,21.38,61,TRUE,FALSE
2846,25.69,64,TRUE,FALSE
2847,22.84,47,FALSE,FALSE
2848,21.45,60,FALSE,FALSE
2849,22.75,58,FALSE,FALSE
2850,24.76,63,TRUE,FALSE
2851,22.28,40,FALSE,FALSE
2852,21.16,59,FALSE,FALSE
2853,22.3,55,FALSE,FALSE
2854,21.54,37,TRUE,TRUE
2855,23.04,51,FALSE,FALSE
2856,21.99,60,FALSE,FALSE
2857,22.79,42,FALSE,FALSE
2858,25.93,40,FALSE,FALSE
2859,21.34,57,FALSE,FALSE
2860,23.3,39,TRUE,FALSE
2861,25.22,49,FALSE,FALSE
2862,22.57,44,FALSE,FALSE
2863,24.91,62,TRUE,FALSE
2864,22.25,53,FALSE,FALSE
2865,26.71,39,TRUE,FALSE
2866,24.77,61,TRUE,FALSE
2867,22.07,53,FALSE,FALSE
2868,25.74,55,FALSE,FALSE
2869,22.22,48,FALSE,FALSE
2870,23.51,59,FALSE,FALSE
2871,26.85,39,TRUE,FALSE
2872,21.04,59,FALSE,FALSE
2873,25.06,60,FALSE,FALSE
2874,23.52,61,TRUE,FALSE
2875,22.25,54,FALSE,FALSE
2876,21.12,47,FALSE,FALSE
2877,25.16,35,TRUE,TRUE
2878,21.45,53,FALSE,FALSE
2879,23.79,38,TRUE,FALSE
2880,23.99,53,FALSE,FALSE
2881,26.4,54,FALSE,FALSE
2882,22.23,50,FALSE,FALSE
2883,25.4,38,TRUE,FALSE
2884,25.71,46,FALSE,FALSE
2885,22.09,55,FALSE,FALSE
2886,26.88,57,FALSE,FALSE
2887,22.45,60,FALSE,FALSE
2888,24.3,47,FALSE,FALSE
2889,21.26,57,FALSE,FALSE
2890,25.62,41,FALSE,FALSE
2891,24.58,55,FALSE,FALSE
2892,22.87,61,TRUE,FALSE
2893,22.06,59,FALSE,FALSE
2894,26.12,39,TRUE,FALSE
2895,22.15,37,TRUE,TRUE
2896,26.78,40,FALSE,FALSE
2897,24.91,35,TRUE,TRUE
2898,22.83,57,FALSE,FALSE
2899,23.46,53,FALSE,FALSE
2900,24.15,40,FALSE,FALSE
2901,22.54,44,FALSE,FALSE
2902,22.93,35,TRUE,TRUE
2903,21.89,53,FALSE,FALSE
2904,22.49,60,FALSE,FALSE
2905,21.59,45,FALSE,FALSE
2906,21.39,47,FALSE,FALSE
2907,26.1,52,FALSE,FALSE
2908,25.11,40,FALSE,FALSE
2909,25.25,52,FALSE,FALSE
2910,23.26,44,FALSE,FALSE
2911,21.84,54,FALSE,FALSE
2912,21.71,51,FALSE,FALSE
2913,25.61,45,FALSE,FALSE
2914,25.51,41,FALSE,FALSE
2915,22.96,62,TRUE,FALSE
2916,21.94,42,FALSE,FALSE
2917,21.13,45,FALSE,FALSE
2918,26.57,35,TRUE,TRUE
2919,24.92,38,TRUE,FALSE
2920,21.19,57,FALSE,FALSE
2921,22.43,43,FALSE,FALSE
2922,22.65,41,FALSE,FALSE
2923,25.34,42,FALSE,FALSE
2924,24.03,63,TRUE,FALSE
2925,24.42,54,FALSE,FALSE
2926,22.06,40,FALSE,FALSE
2927,25.83,43,FALSE,FALSE
2928,25.8,38,TRUE,FALSE
2929,24.23,55,FALSE,FALSE
2930,21.7,43,FALSE,FALSE
2931,24.49,61,TRUE,FALSE
2932,23.92,59,FALSE,FALSE
2933,26.94,52,FALSE,FALSE
2934,23.25,49,FALSE,FALSE
2935,26.99,59,FALSE,FALSE
2936,22.64,35,TRUE,TRUE
2937,21.43,47,FALSE,FALSE
2938,24.95,62,TRUE,FALSE
2939,22.52,63,TRUE,FALSE
2940,25.97,56,FALSE,FALSE
2941,24.37,41,FALSE,FALSE
2942,21.37,47,FALSE,FALSE
2943,24.99,41,FALSE,FALSE
2944,24.17,59,FALSE,FALSE
2945,24.4,59,FALSE,FALSE
2946,22.55,37,TRUE,TRUE
2947,24.57,42,FALSE,FALSE
2948,25.22,51,FALSE,FALSE
2949,22.31,51,FALSE,FALSE
2950,25.71,44,FALSE,FALSE
2951,22.19,45,FALSE,FALSE
2952,25.02,61,TRUE,FALSE
2953,26.48,56,FALSE,FALSE
2954,24.27,48,FALSE,FALSE
2955,25.81,63,TRUE,FALSE
2956,21.12,53,FALSE,FALSE
2957,24.85,64,TRUE,FALSE
2958,24.04,52,FALSE,FALSE
2959,26.18,37,TRUE,TRUE
2960,26.84,37,TRUE,TRUE
2961,21.19,63,TRUE,FALSE
2962,26.64,63,TRUE,FALSE
2963,26.79,40,FALSE,FALSE
2964,24.04,49,FALSE,FALSE
2965,25.79,47,FALSE,FALSE
2966,26.5,48,FALSE,FALSE
2967,22.81,64,TRUE,FALSE
2968,22.11,49,FALSE,FALSE
2969,23.34,61,TRUE,FALSE
2970,21.22,38,TRUE,FALSE
2971,25.89,52,FALSE,FALSE
2972,24.73,55,FALSE,FALSE
2973,22.8,60,FALSE,FALSE
2974,21.29,56,FALSE,FALSE
2975,22.83,57,FALSE,FALSE
2976,25.39,43,FALSE,FALSE
2977,22.96,44,FALSE,FALSE
2978,24.01,57,FALSE,FALSE
2979,24.69,51,FALSE,FALSE
2980,22.84,51,FALSE,FALSE
2981,26.35,50,FALSE,FALSE
2982,25.29,50,FALSE,FALSE
2983,25.71,43,FALSE,FALSE
2984,26.66,37,TRUE,TRUE
2985,21.95,39,TRUE,FALSE
2986,21.59,48,FALSE,FALSE
2987,22.77,48,FALSE,FALSE
2988,21.21,50,FALSE,FALSE
2989,22.7,39,TRUE,FALSE
2990,24.56,44,FALSE,FALSE
2991,26.79,50,FALSE,FALSE
2992,26.1,47,FALSE,FALSE
2993,25.7,62,TRUE,FALSE
2994,21.72,48,FALSE,FALSE
2995,23.57,53,FALSE,FALSE
2996,24.38,59,FALSE,FALSE
2997,24.59,54,FALSE,FALSE
2998,22.85,39,TRUE,FALSE
2999,25.22,56,FALSE,FALSE
3000,26.55,39,TRUE,FALSE
3001,25.26,38,TRUE,FALSE
3002,22.21,52,FALSE,FALSE
3003,21.66,53,FALSE,FALSE
3004,26.04,47,FALSE,FALSE
3005,25.96,60,FALSE,FALSE
3006,24.74,63,TRUE,FALSE
3007,19.19,59,TRUE,FALSE
3008,16.89,33,TRUE,TRUE
3009,27.78,37,TRUE,TRUE
3010,32.36,64,TRUE,FALSE
3011,22.55,31,TRUE,TRUE
3012,34.88,62,TRUE,FALSE
3013,27.03,69,TRUE,TRUE
3014,32.43,67,TRUE,TRUE
3015,28.25,34,TRUE,TRUE
3016,26.91,57,FALSE,FALSE
3017,16.48,69,TRUE,TRUE
3018,32.87,55,TRUE,FALSE
3019,34.09,32,TRUE,TRUE
3020,24.64,65,TRUE,FALSE
3021,24.28,55,FALSE,FALSE
3022,34.43,43,TRUE,FALSE
3023,17.39,52,TRUE,FALSE
3024,34.87,46,TRUE,FALSE
3025,32,59,TRUE,FALSE
3026,15.05,32,TRUE,TRUE
3027,29.19,54,TRUE,FALSE
3028,32.41,40,TRUE,FALSE
3029,24.36,30,TRUE,TRUE
3030,33.05,48,TRUE,FALSE
3031,24.89,52,FALSE,FALSE
3032,17.49,59,TRUE,FALSE
3033,19.39,31,TRUE,TRUE
3034,19.03,50,TRUE,FALSE
3035,30.92,38,TRUE,FALSE
3036,33.73,48,TRUE,FALSE
3037,32.45,44,TRUE,FALSE
3038,27.48,47,FALSE,FALSE
3039,19.53,49,TRUE,FALSE
3040,15.19,57,TRUE,FALSE
3041,26.97,54,FALSE,FALSE
3042,23.61,60,FALSE,FALSE
3043,17.59,34,TRUE,TRUE
3044,22.62,66,TRUE,TRUE
3045,33.1,37,TRUE,TRUE
3046,23.02,69,TRUE,TRUE
3047,34.43,49,TRUE,FALSE
3048,26.29,44,FALSE,FALSE
3049,25.38,68,TRUE,TRUE
3050,31.75,68,TRUE,TRUE
3051,16.39,37,TRUE,TRUE
3052,24.95,47,FALSE,FALSE
3053,26.69,56,FALSE,FALSE
3054,24.35,66,TRUE,TRUE
3055,22.24,55,FALSE,FALSE
3056,24.09,39,TRUE,FALSE
3057,27.37,66,TRUE,TRUE
3058,20.6,67,TRUE,TRUE
3059,18.94,39,TRUE,FALSE
3060,16.23,56,TRUE,FALSE
3061,19.5,48,TRUE,FALSE
3062,16.91,52,TRUE,FALSE
3063,24.2,37,TRUE,TRUE
3064,15.29,31,TRUE,TRUE
3065,19.07,60,TRUE,FALSE
3066,29.22,42,TRUE,FALSE
3067,31.78,43,TRUE,FALSE
3068,16.26,65,TRUE,FALSE
3069,30.27,32,TRUE,TRUE
3070,17.31,41,TRUE,FALSE
3071,30.65,59,TRUE,FALSE
3072,25.35,47,FALSE,FALSE
3073,25.03,34,TRUE,TRUE
3074,18.89,45,TRUE,FALSE
3075,16.44,32,TRUE,TRUE
3076,16.09,57,TRUE,FALSE
3077,23.49,36,TRUE,TRUE
3078,30.92,30,TRUE,TRUE
3079,27.88,35,TRUE,TRUE
3080,21.05,30,TRUE,TRUE
3081,19.24,37,TRUE,TRUE
3082,27.24,53,FALSE,FALSE
3083,31.12,60,TRUE,FALSE
3084,28.88,46,TRUE,FALSE
3085,15.46,61,TRUE,FALSE
3086,26.65,56,FALSE,FALSE
3087,16.33,41,TRUE,FALSE
3088,20.85,56,FALSE,FALSE
3089,23.37,58,FALSE,FALSE
3090,27.85,43,FALSE,FALSE
3091,29.68,44,TRUE,FALSE
3092,29.46,51,TRUE,FALSE
3093,20.17,56,FALSE,FALSE
3094,27.39,61,TRUE,FALSE
3095,29.2,45,TRUE,FALSE
3096,28.78,65,TRUE,FALSE
3097,17.73,36,TRUE,TRUE
3098,15.17,51,TRUE,FALSE
3099,26.56,31,TRUE,TRUE
3100,23.54,64,TRUE,FALSE
3101,16.87,54,TRUE,FALSE
3102,24.55,49,FALSE,FALSE
3103,33.72,38,TRUE,FALSE
3104,17.98,65,TRUE,FALSE
3105,24.4,38,TRUE,FALSE
3106,29.84,50,TRUE,FALSE
3107,16.91,33,TRUE,TRUE
3108,15.48,48,TRUE,FALSE
3109,29.33,32,TRUE,TRUE
3110,18.96,47,TRUE,FALSE
3111,16.18,59,TRUE,FALSE
3112,26.71,43,FALSE,FALSE
3113,30.11,67,TRUE,TRUE
3114,26.59,40,FALSE,FALSE
3115,30.32,65,TRUE,FALSE
3116,15.83,57,TRUE,FALSE
3117,33.72,37,TRUE,TRUE
3118,21.38,36,TRUE,TRUE
3119,17.58,31,TRUE,TRUE
3120,28.23,61,TRUE,FALSE
3121,20.88,51,FALSE,FALSE
3122,29.11,42,TRUE,FALSE
3123,18.91,46,TRUE,FALSE
3124,27.25,68,TRUE,TRUE
3125,29.23,64,TRUE,FALSE
3126,29.84,38,TRUE,FALSE
3127,20.38,56,FALSE,FALSE
3128,31.18,38,TRUE,FALSE
3129,26.18,32,TRUE,TRUE
3130,19.62,54,TRUE,FALSE
3131,34.58,61,TRUE,FALSE
3132,21.71,34,TRUE,TRUE
3133,34.43,40,TRUE,FALSE
3134,24.46,49,FALSE,FALSE
3135,32.13,35,TRUE,TRUE
3136,26.59,65,TRUE,FALSE
3137,15.76,54,TRUE,FALSE
3138,18.8,59,TRUE,FALSE
3139,30.53,40,TRUE,FALSE
3140,28.22,61,TRUE,FALSE
3141,16.98,52,TRUE,FALSE
3142,19.11,30,TRUE,TRUE
3143,33.22,33,TRUE,TRUE
3144,27.4,60,FALSE,FALSE
3145,32.56,30,TRUE,TRUE
3146,23.73,65,TRUE,FALSE
3147,18.16,45,TRUE,FALSE
3148,30.64,37,TRUE,TRUE
3149,33.6,37,TRUE,TRUE
3150,21.27,66,TRUE,TRUE
3151,16.5,51,TRUE,FALSE
3152,19.39,61,TRUE,FALSE
3153,27.67,31,TRUE,TRUE
3154,18.01,48,TRUE,FALSE
3155,22.63,63,TRUE,FALSE
3156,17.96,49,TRUE,FALSE
3157,22.61,61,TRUE,FALSE
3158,21.87,60,FALSE,FALSE
3159,24.15,69,TRUE,TRUE
3160,15.36,44,TRUE,FALSE
3161,21.48,62,TRUE,FALSE
3162,31.98,44,TRUE,FALSE
3163,27.88,32,TRUE,TRUE
3164,16.87,39,TRUE,FALSE
3165,30.75,64,TRUE,FALSE
3166,31.94,44,TRUE,FALSE
3167,24.1,47,FALSE,FALSE
3168,16.77,63,TRUE,FALSE
3169,32.21,43,TRUE,FALSE
3170,32.91,32,TRUE,TRUE
3171,15.42,48,TRUE,FALSE
3172,23.69,66,TRUE,TRUE
3173,33.79,50,TRUE,FALSE
3174,17.89,32,TRUE,TRUE
3175,22.13,52,FALSE,FALSE
3176,24.05,46,FALSE,FALSE
3177,16.62,50,TRUE,FALSE
3178,16.05,43,TRUE,FALSE
3179,33.5,33,TRUE,TRUE
3180,32.23,42,TRUE,FALSE
3181,20.97,43,FALSE,FALSE
3182,28.84,52,TRUE,FALSE
3183,27.58,30,TRUE,TRUE
3184,27.24,57,FALSE,FALSE
3185,28.69,32,TRUE,TRUE
3186,16.43,51,TRUE,FALSE
3187,16.27,61,TRUE,FALSE
3188,15.36,68,TRUE,TRUE
3189,19.67,57,TRUE,FALSE
3190,33.26,54,TRUE,FALSE
3191,23.73,53,FALSE,FALSE
3192,19,64,TRUE,FALSE
3193,15.83,34,TRUE,TRUE
3194,16.42,30,TRUE,TRUE
3195,17.62,57,TRUE,FALSE
3196,26.35,35,TRUE,TRUE
3197,26.4,46,FALSE,FALSE
3198,22.69,65,TRUE,FALSE
3199,16.25,57,TRUE,FALSE
3200,22.37,39,TRUE,FALSE
3201,34.94,58,TRUE,FALSE
3202,34.91,43,TRUE,FALSE
3203,31.9,57,TRUE,FALSE
3204,15.92,46,TRUE,FALSE
3205,31.91,69,TRUE,TRUE
3206,30.87,39,TRUE,FALSE
3207,30.43,39,TRUE,FALSE
3208,31.25,51,TRUE,FALSE
3209,25.82,46,FALSE,FALSE
3210,18.67,44,TRUE,FALSE
3211,30.82,67,TRUE,TRUE
3212,17.75,59,TRUE,FALSE
3213,20.21,69,TRUE,TRUE
3214,27.17,56,FALSE,FALSE
3215,18,40,TRUE,FALSE
3216,18.14,64,TRUE,FALSE
3217,15.06,35,TRUE,TRUE
3218,30.03,66,TRUE,TRUE
3219,17.17,65,TRUE,FALSE
3220,28.32,43,TRUE,FALSE
3221,28.96,54,TRUE,FALSE
3222,27.19,42,FALSE,FALSE
3223,18.56,40,TRUE,FALSE
3224,28.61,50,TRUE,FALSE
3225,29.97,59,TRUE,FALSE
3226,29.28,40,TRUE,FALSE
3227,23.55,39,TRUE,FALSE
3228,30.2,50,TRUE,FALSE
3229,21.1,61,TRUE,FALSE
3230,27.86,59,FALSE,FALSE
3231,29.89,54,TRUE,FALSE
3232,19.48,51,TRUE,FALSE
3233,22.75,53,FALSE,FALSE
3234,16.02,52,TRUE,FALSE
3235,15.33,63,TRUE,FALSE
3236,33.52,50,TRUE,FALSE
3237,18.92,42,TRUE,FALSE
3238,15.79,34,TRUE,TRUE
3239,17.51,67,TRUE,TRUE
3240,33.85,62,TRUE,FALSE
3241,34.73,46,TRUE,FALSE
3242,19.52,40,TRUE,FALSE
3243,23.76,40,FALSE,FALSE
3244,29.55,48,TRUE,FALSE
3245,25.34,43,FALSE,FALSE
3246,21.19,37,TRUE,TRUE
3247,25.21,36,TRUE,TRUE
3248,34.52,58,TRUE,FALSE
3249,32.66,53,TRUE,FALSE
3250,34.04,68,TRUE,TRUE
3251,24.97,48,FALSE,FALSE
3252,23.83,52,FALSE,FALSE
3253,16.21,69,TRUE,TRUE
3254,24.92,50,FALSE,FALSE
3255,29.11,62,TRUE,FALSE
3256,34.96,54,TRUE,FALSE
3257,22.3,56,FALSE,FALSE
3258,22.76,38,TRUE,FALSE
3259,28.61,33,TRUE,TRUE
3260,29.65,39,TRUE,FALSE
3261,26.45,33,TRUE,TRUE
3262,27.38,36,TRUE,TRUE
3263,18.33,35,TRUE,TRUE
3264,23.02,46,FALSE,FALSE
3265,33.95,63,TRUE,FALSE
3266,32.12,33,TRUE,TRUE
3267,32.14,69,TRUE,TRUE
3268,29.77,35,TRUE,TRUE
3269,33.17,51,TRUE,FALSE
3270,26.64,58,FALSE,FALSE
3271,17.99,33,TRUE,TRUE
3272,16.95,68,TRUE,TRUE
3273,31.27,41,TRUE,FALSE
3274,24.04,44,FALSE,FALSE
3275,31.61,47,TRUE,FALSE
3276,21.52,34,TRUE,TRUE
3277,30.16,52,TRUE,FALSE
3278,16.68,53,TRUE,FALSE
3279,32.6,60,TRUE,FALSE
3280,21.55,69,TRUE,TRUE
3281,23.96,56,FALSE,FALSE
3282,20.45,49,FALSE,FALSE
3283,31.02,51,TRUE,FALSE
3284,22.32,45,FALSE,FALSE
3285,24.61,46,FALSE,FALSE
3286,21.72,44,FALSE,FALSE
3287,17.19,67,TRUE,TRUE
3288,21.79,52,FALSE,FALSE
3289,26.95,46,FALSE,FALSE
3290,15.71,34,TRUE,TRUE
3291,23.92,36,TRUE,TRUE
3292,24.53,47,FALSE,FALSE
3293,16.54,61,TRUE,FALSE
3294,27.09,38,TRUE,FALSE
3295,27.9,65,TRUE,FALSE
3296,18.3,69,TRUE,TRUE
3297,20.52,44,FALSE,FALSE
3298,31.05,37,TRUE,TRUE
3299,28.33,32,TRUE,TRUE
3300,29.96,42,TRUE,FALSE
3301,25.92,47,FALSE,FALSE
3302,28.04,52,TRUE,FALSE
3303,33.04,40,TRUE,FALSE
3304,34.27,57,TRUE,FALSE
3305,16.36,66,TRUE,TRUE
3306,24,58,FALSE,FALSE
3307,18.32,35,TRUE,TRUE
3308,30.72,34,TRUE,TRUE
3309,32.28,65,TRUE,FALSE
3310,26.92,67,TRUE,TRUE
3311,16.42,63,TRUE,FALSE
3312,32.52,64,TRUE,FALSE
3313,20.58,30,TRUE,TRUE
3314,31.43,49,TRUE,FALSE
3315,29.08,69,TRUE,TRUE
3316,17.67,47,TRUE,FALSE
3317,26.48,55,FALSE,FALSE
3318,17.02,58,TRUE,FALSE
3319,30.7,54,TRUE,FALSE
3320,26.05,34,TRUE,TRUE
3321,18.16,36,TRUE,TRUE
3322,33.02,38,TRUE,FALSE
3323,22.78,49,FALSE,FALSE
3324,20.02,59,FALSE,FALSE
3325,24.12,48,FALSE,FALSE
3326,29.92,61,TRUE,FALSE
3327,25.98,42,FALSE,FALSE
3328,22.66,39,TRUE,FALSE
3329,29.24,55,TRUE,FALSE
3330,24.14,45,FALSE,FALSE
3331,20.54,33,TRUE,TRUE
3332,32.35,69,TRUE,TRUE
3333,28.44,48,TRUE,FALSE
3334,28.31,37,TRUE,TRUE
3335,15.7,51,TRUE,FALSE
3336,24.28,54,FALSE,FALSE
3337,17.82,48,TRUE,FALSE
3338,22.83,62,TRUE,FALSE
3339,28.42,56,TRUE,FALSE
3340,21.5,31,TRUE,TRUE
3341,34.78,64,TRUE,FALSE
3342,20.76,60,FALSE,FALSE
3343,20.77,65,TRUE,FALSE
3344,24.42,66,TRUE,TRUE
3345,20.56,41,FALSE,FALSE
3346,15.45,36,TRUE,TRUE
3347,23.92,37,TRUE,TRUE
3348,22.06,51,FALSE,FALSE
3349,32.07,40,TRUE,FALSE
3350,24.24,61,TRUE,FALSE
3351,15.24,62,TRUE,FALSE
3352,22.43,62,TRUE,FALSE
3353,33.73,45,TRUE,FALSE
3354,24.58,45,FALSE,FALSE
3355,17.59,41,TRUE,FALSE
3356,19.48,47,TRUE,FALSE
3357,30.83,67,TRUE,TRUE
3358,22.56,63,TRUE,FALSE
3359,21.14,67,TRUE,TRUE
3360,17.32,46,TRUE,FALSE
3361,31.94,30,TRUE,TRUE
3362,17.32,32,TRUE,TRUE
3363,32.67,34,TRUE,TRUE
3364,33.96,39,TRUE,FALSE
3365,16.49,60,TRUE,FALSE
3366,19.73,62,TRUE,FALSE
3367,30.88,52,TRUE,FALSE
3368,24.49,65,TRUE,FALSE
3369,16.13,52,TRUE,FALSE
3370,27.81,52,FALSE,FALSE
3371,34.69,47,TRUE,FALSE
3372,23.1,68,TRUE,TRUE
3373,20.88,53,FALSE,FALSE
3374,28.9,66,TRUE,TRUE
3375,32.87,59,TRUE,FALSE
3376,32.54,56,TRUE,FALSE
3377,31.22,51,TRUE,FALSE
3378,20.13,52,FALSE,FALSE
3379,34.82,50,TRUE,FALSE